primary_key,shipment_destination_location_name,trip_route,consignment_id,Shipemnet Type,Zone,LPST
FMPC2895878877,SATELLITEHUB_MLR,,,,Z3-R6,23:10:00
FMPP1762926435,SATELLITEHUB_SLM,,,,Z1-L1,16:50:00
FMPC2896626794,SATELLITEHUB_SLM,,,,Z1-L1,16:50:00
FMPC2896268600,SATELLITEHUB_PNK,,,,Z3-L6,2:50:00
FMPP1762788067,SATELLITEHUB_RTN,,,,Z3-R5,0:15:00
FMPP1763456420,SATELLITEHUB_BGR,,,,Z2-R4,1:30:00
FMPC2895218259,SATELLITEHUB_TUM,,,,Z2-L2,22:20:00
FMPC2895900776,SATELLITEHUB_NSP,,,,Z4-R1,0:50:00
FMPC2897102997,SATELLITEHUB_HSN,,,,Z1-L4,22:30:00
FMPC2896130977,SATELLITEHUB_TKDI,,,,Z4-R6,4:35:00
FMPP1763743483,SATELLITEHUB_HOS,,,,Z2-R1,5:10:00
FMPC2894917393,SATELLITEHUB_WFL1,,,,Z1-R2,0:40:00
FMPC2895522264,SATELLITEHUB_MYS,,,,Z3-R3,15:40:00
FMPP1762161337,SATELLITEHUB_WFL2,,,,Z1-R3,0:30:00
FMPP1760897973,BULKHUB_BLR2,,,,Z2-R2,1:15:00
FMPC2896105826,SATELLITEHUB_HSN,,,,Z1-L4,22:30:00
FMPP1763999454,SATELLITEHUB_YWP1,,,,Z1-R1,0:10:00
FMPC2895868946,SATELLITEHUB_KRKL,,,,Z3-L4,4:10:00
FMPP1763105909,SATELLITEHUB_YWP1,,,,Z1-R1,0:10:00
FMPP1763414299,SATELLITEHUB_BGR,,,,Z2-R4,1:30:00
FMPC2896813306,SATELLITEHUB_TNJR,,,,Z3-L1,4:20:00
FMPP1763082191,SATELLITEHUB_TKSI,,,,Z4-R4,12:10:00
FMPC2872001900,SATELLITEHUB_YWP1,,,,Z1-R1,0:10:00
FMPP1762144215,SATELLITEHUB_WFL,,,,Z1-R6,0:20:00
FMPP1763461322,SATELLITEHUB_MLR,,,,Z3-R6,23:10:00
FMPP1762429051,BULKHUB_BLR2,,,,Z2-R2,1:15:00
FMPP1763209161,SATELLITEHUB_BGR,,,,Z2-R4,1:30:00
FMPR0452390369,SATELLITEHUB_WFL3,,,,Z4-L7,0:25:00
FMPC2893943053,SATELLITEHUB_MDY,,,,Z2-L4,22:40:00
FMPP1763669455,SATELLITEHUB_WFL1,,,,Z1-R2,0:40:00
FMPC2896066347,SATELLITEHUB_UDP,,,,Z1-L2,23:00:00
FMPC2893929307,SATELLITEHUB_WFL1,,,,Z1-R2,0:40:00
FMPC2895843315,SATELLITEHUB_HOS,,,,Z2-R1,5:10:00
FMPC2896179232,SATELLITEHUB_ATR,,,,Z1-L6,2:40:00
FMPP1762892518,SATELLITEHUB_WFL1,,,,Z1-R2,0:40:00
FMPC2878056690,SATELLITEHUB_HOS,,,,Z2-R1,5:10:00
FMPP1762644573,SATELLITEHUB_MDY,,,,Z2-L4,22:40:00
FMPC2890207909,SATELLITEHUB_VYM,,,,Z2-L1,2:10:00
FMPC2895978064,SATELLITEHUB_SLM,,,,Z1-L1,16:50:00
FMPC2896875886,SATELLITEHUB_HSN,,,,Z1-L4,22:30:00
FMPC2895819352,SATELLITEHUB_VYM,,,,Z2-L1,2:10:00
FMPC2897321223,SATELLITEHUB_MLR,,,,Z3-R6,23:10:00
FMPC2895173649,SATELLITEHUB_YWP,,,,D6-A1,0:05:00
FMPC2896523680,SATELLITEHUB_YWP,,,,D6-A1,0:05:00
FMPP1762913467,BULKHUB_BLR2,,,,Z2-R2,1:15:00
FMPC2896895749,SATELLITEHUB_DHP,,,,Z2-L3,17:00:00
FMPP1763559286,BULKHUB_BLR2,,,,Z2-R2,1:15:00
FMPC2895175637,SATELLITEHUB_SVK,,,,Z2-L5,12:30:00
FMPC2896333785,SATELLITEHUB_MDY,,,,Z2-L4,22:40:00
FMPP1763705731,SATELLITEHUB_WFL1,,,,Z1-R2,0:40:00
FMPC2896356423,SATELLITEHUB_UDP,,,,Z1-L2,23:00:00
FMPP1763036829,SATELLITEHUB_GRBD,,,,Z2-L6,22:15:00
FMPC2895215340,SATELLITEHUB_VYM,,,,Z2-L1,2:10:00
FMPC2896939045,SATELLITEHUB_HSN,,,,Z1-L4,22:30:00
FMPP1763149900,SATELLITEHUB_WFL,,,,Z1-R6,0:20:00
FMPP1763309590,SATELLITEHUB_ATR,,,,Z1-L6,2:40:00
FMPP1763522695,SATELLITEHUB_RTN,,,,Z3-R5,0:15:00
FMPR0447640609,BULKHUB_BLR2,,,,Z2-R2,1:15:00
FMPC2895101212,SATELLITEHUB_WFL,,,,Z1-R6,0:20:00
FMPC2896009269,SATELLITEHUB_MLR,,,,Z3-R6,23:10:00
FMPP1763027784,SATELLITEHUB_WFL,,,,Z1-R6,0:20:00
FMPC2894492474,SATELLITEHUB_NMKL,,,,Z3-L3,16:40:00
FMPC2894942440,SATELLITEHUB_YWP1,,,,Z1-R1,0:10:00
FMPP1763310966,SATELLITEHUB_NSP,,,,Z4-R1,0:50:00
FMPC2895189652,SATELLITEHUB_WFL3,,,,Z4-L7,0:25:00
FMPP1762937114,SATELLITEHUB_RTN,,,,Z3-R5,0:15:00
FMPC2896795391,SATELLITEHUB_GRBD,,,,Z2-L6,22:15:00
FMPP1763531629,SATELLITEHUB_WFL3,,,,Z4-L7,0:25:00
FMPC2895673661,SATELLITEHUB_MLR,,,,Z3-R6,23:10:00
FMPP1762649278,SATELLITEHUB_WFL2,,,,Z1-R3,0:30:00
FMPP1763568119,SATELLITEHUB_YWP,,,,D6-A1,0:05:00
FMPP1763003721,BULKHUB_BLR,,,,Z1-R5,1:00:00
FMPC2893689554,SATELLITEHUB_MYS,,,,Z3-R3,15:40:00
FMPC2895218192,SATELLITEHUB_GRBD,,,,Z2-L6,22:15:00
FMPP1762836572,SATELLITEHUB_WFL2,,,,Z1-R3,0:30:00
FMPP1763233790,SATELLITEHUB_WFL,,,,Z1-R6,0:20:00
FMPC2889516994,SATELLITEHUB_GRBD,,,,Z2-L6,22:15:00
FMPC2895800942,SATELLITEHUB_UDP,,,,Z1-L2,23:00:00
FMPC2896340063,SATELLITEHUB_WFL1,,,,Z1-R2,0:40:00
FMPC2895690099,SATELLITEHUB_NGR,,,,Z3-L5,11:55:00
FMPP1762880363,SATELLITEHUB_RTN,,,,Z3-R5,0:15:00
FMPC2895775346,SATELLITEHUB_NSP,,,,Z4-R1,0:50:00
FMPP1762376119,BULKHUB_BLR2,,,,Z2-R2,1:15:00
FMPC2897095476,SATELLITEHUB_TNV,,,,Z3-L2,12:05:00
FMPC2895836948,SATELLITEHUB_UDP,,,,Z1-L2,23:00:00
FMPP1763818328,SATELLITEHUB_SLM,,,,Z1-L1,16:50:00
FMPC2896852608,SATELLITEHUB_YWP,,,,D6-A1,0:05:00
FMPC2896385710,SATELLITEHUB_TTC,,,,Z4-L2,12:40:00
FMPP1763195164,SATELLITEHUB_SLM,,,,Z1-L1,16:50:00
FMPC2895468792,SATELLITEHUB_NSP,,,,Z4-R1,0:50:00
FMPC2896044133,SATELLITEHUB_YWP,,,,D6-A1,0:05:00
FMPC2895860361,SATELLITEHUB_SLM,,,,Z1-L1,16:50:00
FMPC2897310094,SATELLITEHUB_PNK,,,,Z3-L6,2:50:00
FMPP1761752543,SATELLITEHUB_GRBD,,,,Z2-L6,22:15:00
FMPP1759679158,SATELLITEHUB_TTC,,,,Z4-L2,12:40:00
FMPC2893951932,SATELLITEHUB_WFL3,,,,Z4-L7,0:25:00
FMPC2896836820,SATELLITEHUB_PNK,,,,Z3-L6,2:50:00
FMPP1762802978,SATELLITEHUB_WFL3,,,,Z4-L7,0:25:00
FMPC2895955406,SATELLITEHUB_TTC,,,,Z4-L2,12:40:00
FMPC2896841834,SATELLITEHUB_UDP,,,,Z1-L2,23:00:00
FMPP1762955285,SATELLITEHUB_ATR,,,,Z1-L6,2:40:00
FMPC2896652952,SATELLITEHUB_TUM,,,,Z2-L2,22:20:00
FMPC2895470291,SATELLITEHUB_NSP,,,,Z4-R1,0:50:00
FMPC2895984516,SATELLITEHUB_TTC,,,,Z4-L2,12:40:00
FMPC2896514282,SATELLITEHUB_DHP,,,,Z2-L3,17:00:00
FMPP1761369822,SATELLITEHUB_HSN,,,,Z1-L4,22:30:00
FMPP1762831730,SATELLITEHUB_NSP,,,,Z4-R1,0:50:00
FMPC2896032221,SATELLITEHUB_VYM,,,,Z2-L1,2:10:00
FMPC2896767678,SATELLITEHUB_NSP,,,,Z4-R1,0:50:00
FMPC2892818722,SATELLITEHUB_RMPM,,,,Z4-L4,12:20:00
FMPC2895876040,SATELLITEHUB_MDY,,,,Z2-L4,22:40:00
FMPP1763193160,SATELLITEHUB_YWP,,,,D6-A1,0:05:00
FMPC2893666605,SATELLITEHUB_DHP,,,,Z2-L3,17:00:00
FMPC2894404334,SATELLITEHUB_WFL2,,,,Z1-R3,0:30:00
FMPP1764035911,BULKHUB_BLR,,,,Z1-R5,1:00:00
FMPC2896776773,SATELLITEHUB_MDY,,,,Z2-L4,22:40:00
FMPP1763032253,SATELLITEHUB_HOS,,,,Z2-R1,5:10:00
FMPP1763502372,SATELLITEHUB_TKDI,,,,Z4-R6,4:35:00
FMPP1761474172,SATELLITEHUB_WFL3,,,,Z4-L7,0:25:00
FMPP1763700581,SATELLITEHUB_WFL3,,,,Z4-L7,0:25:00
FMPC2896848732,SATELLITEHUB_ATR,,,,Z1-L6,2:40:00
FMPP1763516994,SATELLITEHUB_TNJR,,,,Z3-L1,4:20:00
FMPC2891731199,SATELLITEHUB_MYS,,,,Z3-R3,15:40:00
FMPC2893555211,SATELLITEHUB_NMKL,,,,Z3-L3,16:40:00
FMPP1763207819,SATELLITEHUB_WFL1,,,,Z1-R2,0:40:00
FMPP1763141323,SATELLITEHUB_WFL3,,,,Z4-L7,0:25:00
FMPP1763297536,SATELLITEHUB_MRDM,,,,Z4-L6,11:45:00
FMPP1763404688,SATELLITEHUB_SLM,,,,Z1-L1,16:50:00
FMPP1763732690,SATELLITEHUB_TKDI,,,,Z4-R6,4:35:00
FMPP1763031391,BULKHUB_BLR2,,,,Z2-R2,1:15:00
FMPC2894006023,SATELLITEHUB_DHP,,,,Z2-L3,17:00:00
FMPC2893788479,SATELLITEHUB_WFL2,,,,Z1-R3,0:30:00
FMPC2894940167,SATELLITEHUB_SVK,,,,Z2-L5,12:30:00
FMPC2896851438,SATELLITEHUB_KRKL,,,,Z3-L4,4:10:00
FMPP1763104277,SATELLITEHUB_HOS,,,,Z2-R1,5:10:00
FMPP1763047556,SATELLITEHUB_WFL3,,,,Z4-L7,0:25:00
FMPP1762994874,SATELLITEHUB_YWP,,,,D6-A1,0:05:00
FMPC2895788108,SATELLITEHUB_SVK,,,,Z2-L5,12:30:00
FMPC2893188910,SATELLITEHUB_BGR,,,,Z2-R4,1:30:00
FMPC2895139779,SATELLITEHUB_TUM,,,,Z2-L2,22:20:00
FMPP1764171209,SATELLITEHUB_UDP,,,,Z1-L2,23:00:00
FMPC2896114918,BULKHUB_BLR,,,,Z1-R5,1:00:00
FMPP1762966635,SATELLITEHUB_TNJR,,,,Z3-L1,4:20:00
FMPC2895785628,SATELLITEHUB_YWP1,,,,Z1-R1,0:10:00
FMPP1763122891,SATELLITEHUB_MDY,,,,Z2-L4,22:40:00
FMPC2896516238,BULKHUB_BLR,,,,Z1-R5,1:00:00
FMPC2895083595,SATELLITEHUB_NMKL,,,,Z3-L3,16:40:00
FMPC2895211196,SATELLITEHUB_SLM,,,,Z1-L1,16:50:00
FMPP1763118956,SATELLITEHUB_WFL2,,,,Z1-R3,0:30:00
FMPP1761465796,SATELLITEHUB_HSN,,,,Z1-L4,22:30:00
FMPP1762832072,SATELLITEHUB_RMPM,,,,Z4-L4,12:20:00
FMPP1763163412,SATELLITEHUB_NSP,,,,Z4-R1,0:50:00
FMPC2895860867,SATELLITEHUB_MLR,,,,Z3-R6,23:10:00
FMPC2896584983,SATELLITEHUB_HSN,,,,Z1-L4,22:30:00
FMPC2893339652,SATELLITEHUB_WFL,,,,Z1-R6,0:20:00
FMPC2894959713,SATELLITEHUB_MDY,,,,Z2-L4,22:40:00
FMPP1763943297,SATELLITEHUB_WFL,,,,Z1-R6,0:20:00
FMPC2896359402,SATELLITEHUB_KRKL,,,,Z3-L4,4:10:00
FMPP1763323662,BULKHUB_BLR,,,,Z1-R5,1:00:00
FMPC2893810077,SATELLITEHUB_HSN,,,,Z1-L4,22:30:00
FMPC2894598581,SATELLITEHUB_HSN,,,,Z1-L4,22:30:00
FMPP1763776405,SATELLITEHUB_GRBD,,,,Z2-L6,22:15:00
FMPC2895052187,SATELLITEHUB_MDY,,,,Z2-L4,22:40:00
FMPC2896779208,SATELLITEHUB_WFL1,,,,Z1-R2,0:40:00
FMPR0457172812,SATELLITEHUB_RTN,,,,Z3-R5,0:15:00
FMPC2896128974,SATELLITEHUB_TKSI,,,,Z4-R4,12:10:00
FMPP1762910974,SATELLITEHUB_YWP1,,,,Z1-R1,0:10:00
FMPC2893823415,SATELLITEHUB_HOS,,,,Z2-R1,5:10:00
FMPC2896498580,SATELLITEHUB_FKMYS,,,,Z4-L9,15:45:00
FMPP1763139849,BULKHUB_BLR,,,,Z1-R5,1:00:00
FMPC2896627021,SATELLITEHUB_YWP,,,,D6-A1,0:05:00
FMPP1762823932,BULKHUB_BLR2,,,,Z2-R2,1:15:00
FMPC2893995334,SATELLITEHUB_RMPM,,,,Z4-L4,12:20:00
FMPP1763103778,BULKHUB_BLR,,,,Z1-R5,1:00:00
FMPP1762794929,BULKHUB_BLR2,,,,Z2-R2,1:15:00
FMPC2895094044,SATELLITEHUB_VYM,,,,Z2-L1,2:10:00
FMPC2890965179,SATELLITEHUB_HOS,,,,Z2-R1,5:10:00
FMPP1763310951,SATELLITEHUB_BGR,,,,Z2-R4,1:30:00
FMPR0457171810,SATELLITEHUB_RTN,,,,Z3-R5,0:15:00
FMPC2895815880,SATELLITEHUB_MDKR,,,,Z4-R5,15:30:00
FMPC2896260215,SATELLITEHUB_MDY,,,,Z2-L4,22:40:00
FMPP1763700338,SATELLITEHUB_RTN,,,,Z3-R5,0:15:00
FMPP1763263721,BULKHUB_BLR2,,,,Z2-R2,1:15:00
FMPC2894919704,SATELLITEHUB_MDKR,,,,Z4-R5,15:30:00
FMPC2895935165,SATELLITEHUB_GRBD,,,,Z2-L6,22:15:00
FMPC2894229524,SATELLITEHUB_YWP1,,,,Z1-R1,0:10:00
FMPC2896713757,SATELLITEHUB_HOS,,,,Z2-R1,5:10:00
FMPC2894620082,SATELLITEHUB_UDP,,,,Z1-L2,23:00:00
FMPC2895759200,SATELLITEHUB_FKMYS,,,,Z4-L9,15:45:00
FMPC2895735894,SATELLITEHUB_YWP,,,,D6-A1,0:05:00
FMPP1763692802,SATELLITEHUB_WFL1,,,,Z1-R2,0:40:00
FMPC2895861918,SATELLITEHUB_YWP,,,,D6-A1,0:05:00
FMPC2895954310,SATELLITEHUB_WFL1,,,,Z1-R2,0:40:00
FMPP1763759953,SATELLITEHUB_MYS,,,,Z3-R3,15:40:00
FMPC2897311095,SATELLITEHUB_GRBD,,,,Z2-L6,22:15:00
FMPP1762663675,BULKHUB_BLR2,,,,Z2-R2,1:15:00
FMPP1761992480,SATELLITEHUB_WFL1,,,,Z1-R2,0:40:00
FMPP1763468240,SATELLITEHUB_SLM,,,,Z1-L1,16:50:00
FMPP1763694557,SATELLITEHUB_ATR,,,,Z1-L6,2:40:00
FMPP1761473653,SATELLITEHUB_RTN,,,,Z3-R5,0:15:00
FMPP1762531394,SATELLITEHUB_BGR,,,,Z2-R4,1:30:00
FMPR0456653584,SATELLITEHUB_HOS,,,,Z2-R1,5:10:00
FMPP1763637514,SATELLITEHUB_WFL2,,,,Z1-R3,0:30:00
FMPP1764159958,SATELLITEHUB_ATR,,,,Z1-L6,2:40:00
FMPC2895906882,SATELLITEHUB_MYS,,,,Z3-R3,15:40:00
FMPC2893233331,SATELLITEHUB_NMKL,,,,Z3-L3,16:40:00
FMPC2894976545,SATELLITEHUB_NSP,,,,Z4-R1,0:50:00
FMPC2896887399,SATELLITEHUB_YWP,,,,D6-A1,0:05:00
FMPP1763447032,SATELLITEHUB_NSP,,,,Z4-R1,0:50:00
FMPP1763686071,SATELLITEHUB_WFL2,,,,Z1-R3,0:30:00
FMPP1763801329,SATELLITEHUB_RTN,,,,Z3-R5,0:15:00
FMPC2891481592,SATELLITEHUB_TTC,,,,Z4-L2,12:40:00
FMPC2894318027,SATELLITEHUB_HOS,,,,Z2-R1,5:10:00
FMPC2896122019,SATELLITEHUB_DHP,,,,Z2-L3,17:00:00
FMPC2896008264,SATELLITEHUB_NSP,,,,Z4-R1,0:50:00
FMPC2896603370,SATELLITEHUB_TKDI,,,,Z4-R6,4:35:00
FMPP1763438416,SATELLITEHUB_SLM,,,,Z1-L1,16:50:00
FMPC2894769963,SATELLITEHUB_HOS,,,,Z2-R1,5:10:00
FMPP1762626753,SATELLITEHUB_YWP1,,,,Z1-R1,0:10:00
FMPP1758513188,SATELLITEHUB_MPY,,,,Z4-L1,2:30:00
FMPC2894906044,SATELLITEHUB_WFL1,,,,Z1-R2,0:40:00
FMPC2896270987,SATELLITEHUB_GRBD,,,,Z2-L6,22:15:00
FMPC2895877440,SATELLITEHUB_TTC,,,,Z4-L2,12:40:00
FMPC2894960717,SATELLITEHUB_GRBD,,,,Z2-L6,22:15:00
FMPP1763520172,SATELLITEHUB_WFL1,,,,Z1-R2,0:40:00
FMPP1761988489,BULKHUB_BLR,,,,Z1-R5,1:00:00
FMPP1762367396,SATELLITEHUB_YWP,,,,D6-A1,0:05:00
FMPP1759880530,SATELLITEHUB_MDY,,,,Z2-L4,22:40:00
FMPP1763220796,SATELLITEHUB_WFL2,,,,Z1-R3,0:30:00
FMPP1763933833,SATELLITEHUB_WFL1,,,,Z1-R2,0:40:00
FMPC2893241833,SATELLITEHUB_TUM,,,,Z2-L2,22:20:00
FMPP1762628940,SATELLITEHUB_RTN,,,,Z3-R5,0:15:00
FMPC2894664118,SATELLITEHUB_WFL2,,,,Z1-R3,0:30:00
FMPC2890190988,SATELLITEHUB_MYS,,,,Z3-R3,15:40:00
FMPP1762506571,SATELLITEHUB_WFL1,,,,Z1-R2,0:40:00
FMPC2895397349,SATELLITEHUB_SLM,,,,Z1-L1,16:50:00
FMPC2896617011,SATELLITEHUB_MLR,,,,Z3-R6,23:10:00
FMPC2895919576,SATELLITEHUB_HSN,,,,Z1-L4,22:30:00
FMPC2896521139,SATELLITEHUB_MDKR,,,,Z4-R5,15:30:00
FMPP1763115965,BULKHUB_BLR,,,,Z1-R5,1:00:00
FMPC2896140624,SATELLITEHUB_YWP,,,,D6-A1,0:05:00
FMPC2896363514,SATELLITEHUB_UDP,,,,Z1-L2,23:00:00
FMPC2895772290,SATELLITEHUB_YWP,,,,D6-A1,0:05:00
FMPC2895410863,SATELLITEHUB_GRBD,,,,Z2-L6,22:15:00
FMPC2893876512,SATELLITEHUB_WFL2,,,,Z1-R3,0:30:00
FMPP1762528591,SATELLITEHUB_WFL,,,,Z1-R6,0:20:00
FMPC2894302746,SATELLITEHUB_MYS,,,,Z3-R3,15:40:00
FMPC2896050251,SATELLITEHUB_NSP,,,,Z4-R1,0:50:00
FMPC2896124025,SATELLITEHUB_MDY,,,,Z2-L4,22:40:00
FMPP1761657798,BULKHUB_BLR,,,,Z1-R5,1:00:00
FMPC2896010877,BULKHUB_BLR,,,,Z1-R5,1:00:00
FMPP1763883742,SATELLITEHUB_WFL,,,,Z1-R6,0:20:00
FMPC2896381976,SATELLITEHUB_DHP,,,,Z2-L3,17:00:00
FMPP1761694798,SATELLITEHUB_WFL1,,,,Z1-R2,0:40:00
FMPP1763439061,SATELLITEHUB_WFL,,,,Z1-R6,0:20:00
FMPC2896067012,SATELLITEHUB_SLM,,,,Z1-L1,16:50:00
FMPP1762154847,SATELLITEHUB_VYM,,,,Z2-L1,2:10:00
FMPC2894924867,SATELLITEHUB_WFL1,,,,Z1-R2,0:40:00
FMPP1763186002,BULKHUB_BLR2,,,,Z2-R2,1:15:00
FMPC2895675162,SATELLITEHUB_MLR,,,,Z3-R6,23:10:00
FMPC2896055157,SATELLITEHUB_SVK,,,,Z2-L5,12:30:00
FMPP1763096743,SATELLITEHUB_BGR,,,,Z2-R4,1:30:00
FMPC2895470085,SATELLITEHUB_BGR,,,,Z2-R4,1:30:00
FMPP1763026049,SATELLITEHUB_WFL1,,,,Z1-R2,0:40:00
FMPC2892586383,SATELLITEHUB_HSN,,,,Z1-L4,22:30:00
FMPP1761761472,SATELLITEHUB_SVK,,,,Z2-L5,12:30:00
FMPP1763438856,SATELLITEHUB_SLM,,,,Z1-L1,16:50:00
FMPP1762429251,SATELLITEHUB_WFL,,,,Z1-R6,0:20:00
FMPC2897314736,SATELLITEHUB_TUM,,,,Z2-L2,22:20:00
FMPC2896587486,SATELLITEHUB_HOS,,,,Z2-R1,5:10:00
FMPC2896620900,SATELLITEHUB_VYM,,,,Z2-L1,2:10:00
FMPC2897321304,SATELLITEHUB_MRDM,,,,Z4-L6,11:45:00
FMPP1762941329,SATELLITEHUB_WFL,,,,Z1-R6,0:20:00
FMPP1762857221,BULKHUB_BLR2,,,,Z2-R2,1:15:00
FMPC2895012506,SATELLITEHUB_BGR,,,,Z2-R4,1:30:00
FMPC2896854102,SATELLITEHUB_GRBD,,,,Z2-L6,22:15:00
FMPP1762513220,SATELLITEHUB_NSP,,,,Z4-R1,0:50:00
FMPC2891967843,SATELLITEHUB_TTC,,,,Z4-L2,12:40:00
FMPC2895947800,SATELLITEHUB_HSN,,,,Z1-L4,22:30:00
FMPP1763001307,SATELLITEHUB_KMBK,,,,Z4-L5,4:25:00
FMPC2896006570,SATELLITEHUB_GRBD,,,,Z2-L6,22:15:00
FMPP1762994398,SATELLITEHUB_UDP,,,,Z1-L2,23:00:00
FMPP1763242133,SATELLITEHUB_RTN,,,,Z3-R5,0:15:00
FMPP1762992894,SATELLITEHUB_UDP,,,,Z1-L2,23:00:00
FMPP1741036451,SATELLITEHUB_HOS,,,,Z2-R1,5:10:00
FMPC2896995758,SATELLITEHUB_MYS,,,,Z3-R3,15:40:00
FMPC2895459164,SATELLITEHUB_WFL3,,,,Z4-L7,0:25:00
FMPP1763762551,SATELLITEHUB_MLR,,,,Z3-R6,23:10:00
FMPC2895085597,BULKHUB_BLR,,,,Z1-R5,1:00:00
FMPC2895211215,SATELLITEHUB_GRBD,,,,Z2-L6,22:15:00
FMPC2896423428,SATELLITEHUB_TUM,,,,Z2-L2,22:20:00
FMPC2894937724,SATELLITEHUB_DHP,,,,Z2-L3,17:00:00
FMPP1763302996,BULKHUB_BLR2,,,,Z2-R2,1:15:00
FMPP1763459771,BULKHUB_BLR,,,,Z1-R5,1:00:00
FMPP1763267781,SATELLITEHUB_WFL2,,,,Z1-R3,0:30:00
FMPC2897319809,SATELLITEHUB_PNK,,,,Z3-L6,2:50:00
FMPP1761761695,SATELLITEHUB_RTN,,,,Z3-R5,0:15:00
FMPC2893825524,SATELLITEHUB_MLR,,,,Z3-R6,23:10:00
FMPC2895670585,SATELLITEHUB_BGR,,,,Z2-R4,1:30:00
FMPC2891045376,SATELLITEHUB_WFL2,,,,Z1-R3,0:30:00
FMPC2851995455,SATELLITEHUB_NMKL,,,,Z3-L3,16:40:00
FMPP1763960278,SATELLITEHUB_MLR,,,,Z3-R6,23:10:00
FMPC2895905940,SATELLITEHUB_SLM,,,,Z1-L1,16:50:00
FMPC2895835636,SATELLITEHUB_HOS,,,,Z2-R1,5:10:00
FMPP1763134858,SATELLITEHUB_WFL3,,,,Z4-L7,0:25:00
FMPP1763161393,SATELLITEHUB_MPY,,,,Z4-L1,2:30:00
FMPP1763186328,SATELLITEHUB_MLR,,,,Z3-R6,23:10:00
FMPP1763102110,SATELLITEHUB_MRDM,,,,Z4-L6,11:45:00
FMPC2896232510,SATELLITEHUB_KMBK,,,,Z4-L5,4:25:00
FMPC2896517817,SATELLITEHUB_WFL3,,,,Z4-L7,0:25:00
FMPP1763907836,SATELLITEHUB_NSP,,,,Z4-R1,0:50:00
FMPP1763105623,SATELLITEHUB_TNJR,,,,Z3-L1,4:20:00
FMPP1763104418,SATELLITEHUB_BGR,,,,Z2-R4,1:30:00
FMPP1763086987,SATELLITEHUB_UDP,,,,Z1-L2,23:00:00
FMPC2893230335,SATELLITEHUB_TNJR,,,,Z3-L1,4:20:00
FMPC2895633717,SATELLITEHUB_ATR,,,,Z1-L6,2:40:00
FMPC2866789218,SATELLITEHUB_WFL,,,,Z1-R6,0:20:00
FMPP1763093674,SATELLITEHUB_MPY,,,,Z4-L1,2:30:00
FMPP1762213093,SATELLITEHUB_ATR,,,,Z1-L6,2:40:00
FMPC2891662409,SATELLITEHUB_WFL,,,,Z1-R6,0:20:00
FMPC2895946906,SATELLITEHUB_WFL,,,,Z1-R6,0:20:00
FMPC2896893465,SATELLITEHUB_FKMYS,,,,Z4-L9,15:45:00
FMPC2896265671,BULKHUB_BLR2,,,,Z2-R2,1:15:00
FMPC2895674912,SATELLITEHUB_WFL1,,,,Z1-R2,0:40:00
FMPC2896362402,SATELLITEHUB_HSN,,,,Z1-L4,22:30:00
FMPC2894891976,SATELLITEHUB_TNV,,,,Z3-L2,12:05:00
FMPC2893819531,SATELLITEHUB_MLR,,,,Z3-R6,23:10:00
FMPC2895882167,SATELLITEHUB_MDKR,,,,Z4-R5,15:30:00
FMPP1761251357,SATELLITEHUB_WFL1,,,,Z1-R2,0:40:00
FMPP1763298063,SATELLITEHUB_WFL,,,,Z1-R6,0:20:00
FMPP1763242334,SATELLITEHUB_PNK,,,,Z3-L6,2:50:00
FMPP1762544404,SATELLITEHUB_UDP,,,,Z1-L2,23:00:00
FMPP1763410274,SATELLITEHUB_TKDI,,,,Z4-R6,4:35:00
FMPP1763119248,SATELLITEHUB_YWP1,,,,Z1-R1,0:10:00
FMPC2893190394,SATELLITEHUB_BGR,,,,Z2-R4,1:30:00
FMPC2896388191,SATELLITEHUB_NGR,,,,Z3-L5,11:55:00
FMPC2896268824,SATELLITEHUB_KRKL,,,,Z3-L4,4:10:00
FMPC2897091503,SATELLITEHUB_NMKL,,,,Z3-L3,16:40:00
FMPP1762428248,SATELLITEHUB_ATR,,,,Z1-L6,2:40:00
FMPC2895557958,SATELLITEHUB_YWP,,,,D6-A1,0:05:00
FMPP1763006804,BULKHUB_BLR2,,,,Z2-R2,1:15:00
FMPC2896682456,SATELLITEHUB_YWP1,,,,Z1-R1,0:10:00
FMPR0453876721,SATELLITEHUB_HOS,,,,Z2-R1,5:10:00
FMPP1763346376,SATELLITEHUB_WFL2,,,,Z1-R3,0:30:00
FMPC2896872383,SATELLITEHUB_NSP,,,,Z4-R1,0:50:00
FMPC2870954975,SATELLITEHUB_YWP1,,,,Z1-R1,0:10:00
FMPC2896063331,SATELLITEHUB_NMKL,,,,Z3-L3,16:40:00
FMPC2895782252,SATELLITEHUB_PNK,,,,Z3-L6,2:50:00
FMPC2895784275,SATELLITEHUB_MYS,,,,Z3-R3,15:40:00
FMPC2895615002,SATELLITEHUB_TTC,,,,Z4-L2,12:40:00
FMPC2895844787,SATELLITEHUB_NSP,,,,Z4-R1,0:50:00
FMPP1763527228,BULKHUB_BLR,,,,Z1-R5,1:00:00
FMPC2895962009,BULKHUB_BLR,,,,Z1-R5,1:00:00
FMPC2894884977,SATELLITEHUB_TNV,,,,Z3-L2,12:05:00
FMPC2896503753,SATELLITEHUB_MYS,,,,Z3-R3,15:40:00
FMPC2887253002,BULKHUB_FKBLR2,,,,Z4-R9,1:20:00
FMPC2896366514,SATELLITEHUB_PNK,,,,Z3-L6,2:50:00
FMPC2894317028,SATELLITEHUB_NMKL,,,,Z3-L3,16:40:00
FMPP1763493884,SATELLITEHUB_TTC,,,,Z4-L2,12:40:00
FMPC2896288512,SATELLITEHUB_HSN,,,,Z1-L4,22:30:00
FMPC2896102124,SATELLITEHUB_HSN,,,,Z1-L4,22:30:00
FMPP1763580237,SATELLITEHUB_NMKL,,,,Z3-L3,16:40:00
FMPP1762811775,SATELLITEHUB_YWP,,,,D6-A1,0:05:00
FMPP1761412180,SATELLITEHUB_TKDI,,,,Z4-R6,4:35:00
FMPP1762298202,SATELLITEHUB_HOS,,,,Z2-R1,5:10:00
FMPC2896030078,SATELLITEHUB_TNJR,,,,Z3-L1,4:20:00
FMPC2895767870,SATELLITEHUB_TTC,,,,Z4-L2,12:40:00
FMPC2896282524,SATELLITEHUB_YWP1,,,,Z1-R1,0:10:00
FMPC2896397553,BULKHUB_BLR2,,,,Z2-R2,1:15:00
FMPP1763028861,SATELLITEHUB_YWP1,,,,Z1-R1,0:10:00
FMPC2892217900,SATELLITEHUB_ATR,,,,Z1-L6,2:40:00
FMPC2895699065,SATELLITEHUB_TUM,,,,Z2-L2,22:20:00
FMPC2896894108,SATELLITEHUB_FKMYS,,,,Z4-L9,15:45:00
FMPC2893130373,BULKHUB_BLR2,,,,Z2-R2,1:15:00
FMPC2895904437,SATELLITEHUB_DHP,,,,Z2-L3,17:00:00
FMPP1763966395,SATELLITEHUB_YWP,,,,D6-A1,0:05:00
FMPP1763465823,SATELLITEHUB_WFL1,,,,Z1-R2,0:40:00
FMPP1760402258,BULKHUB_BLR2,,,,Z2-R2,1:15:00
FMPC2896953643,SATELLITEHUB_YWP,,,,D6-A1,0:05:00
FMPP1761695825,SATELLITEHUB_NSP,,,,Z4-R1,0:50:00
FMPC2895072422,SATELLITEHUB_BGR,,,,Z2-R4,1:30:00
FMPP1762801080,SATELLITEHUB_WFL2,,,,Z1-R3,0:30:00
FMPC2896464339,SATELLITEHUB_NSP,,,,Z4-R1,0:50:00
FMPP1763894332,SATELLITEHUB_MLR,,,,Z3-R6,23:10:00
FMPC2896147298,SATELLITEHUB_KRKL,,,,Z3-L4,4:10:00
FMPC2896410191,SATELLITEHUB_FKMYS,,,,Z4-L9,15:45:00
FMPC2897131242,SATELLITEHUB_SVK,,,,Z2-L5,12:30:00
FMPC2896264880,BULKHUB_BLR,,,,Z1-R5,1:00:00
FMPP1763493174,BULKHUB_BLR,,,,Z1-R5,1:00:00
FMPC2895129263,SATELLITEHUB_NMKL,,,,Z3-L3,16:40:00
FMPP1761324515,SATELLITEHUB_YWP1,,,,Z1-R1,0:10:00
FMPP1763203675,SATELLITEHUB_WFL2,,,,Z1-R3,0:30:00
FMPP1762845591,BULKHUB_BLR,,,,Z1-R5,1:00:00
FMPP1763599151,SATELLITEHUB_WFL,,,,Z1-R6,0:20:00
FMPC2896423278,SATELLITEHUB_HSN,,,,Z1-L4,22:30:00
FMPC2895378831,SATELLITEHUB_RMPM,,,,Z4-L4,12:20:00
FMPP1763658345,BULKHUB_BLR2,,,,Z2-R2,1:15:00
FMPC2893137391,SATELLITEHUB_TUM,,,,Z2-L2,22:20:00
FMPC2895098413,SATELLITEHUB_DHP,,,,Z2-L3,17:00:00
FMPC2895900425,SATELLITEHUB_SVK,,,,Z2-L5,12:30:00
FMPC2897128243,SATELLITEHUB_YWP1,,,,Z1-R1,0:10:00
FMPC2895542492,SATELLITEHUB_MLR,,,,Z3-R6,23:10:00
FMPC2896144240,SATELLITEHUB_HOS,,,,Z2-R1,5:10:00
FMPC2895852928,SATELLITEHUB_WFL1,,,,Z1-R2,0:40:00
FMPC2892631653,SATELLITEHUB_DHP,,,,Z2-L3,17:00:00
FMPP1763689222,SATELLITEHUB_VYM,,,,Z2-L1,2:10:00
FMPC2853994560,SATELLITEHUB_HOS,,,,Z2-R1,5:10:00
FMPC2876525039,SATELLITEHUB_YWP1,,,,Z1-R1,0:10:00
FMPP1761436138,SATELLITEHUB_FKMYS,,,,Z4-L9,15:45:00
FMPP1763236347,BULKHUB_BLR,,,,Z1-R5,1:00:00
FMPP1763381277,SATELLITEHUB_FKMYS,,,,Z4-L9,15:45:00
FMPP1762547402,SATELLITEHUB_HOS,,,,Z2-R1,5:10:00
FMPC2896424141,SATELLITEHUB_PNK,,,,Z3-L6,2:50:00
FMPP1763060001,BULKHUB_BLR,,,,Z1-R5,1:00:00
FMPC2896617660,SATELLITEHUB_YWP,,,,D6-A1,0:05:00
FMPP1763339134,SATELLITEHUB_YWP,,,,D6-A1,0:05:00
FMPP1763096237,SATELLITEHUB_WFL1,,,,Z1-R2,0:40:00
FMPP1763409063,SATELLITEHUB_WFL3,,,,Z4-L7,0:25:00
FMPC2895383366,SATELLITEHUB_FKMYS,,,,Z4-L9,15:45:00
FMPP1763081209,SATELLITEHUB_RMPM,,,,Z4-L4,12:20:00
FMPP1763717070,SATELLITEHUB_WFL1,,,,Z1-R2,0:40:00
FMPC2894055483,SATELLITEHUB_WFL1,,,,Z1-R2,0:40:00
FMPC2895728017,SATELLITEHUB_MRDM,,,,Z4-L6,11:45:00
FMPC2896589356,SATELLITEHUB_WFL2,,,,Z1-R3,0:30:00
FMPP1761264365,SATELLITEHUB_HOS,,,,Z2-R1,5:10:00
FMPC2896711658,SATELLITEHUB_WFL2,,,,Z1-R3,0:30:00
FMPC2896861882,SATELLITEHUB_HSN,,,,Z1-L4,22:30:00
FMPC2893227837,SATELLITEHUB_KRKL,,,,Z3-L4,4:10:00
FMPC2893139395,SATELLITEHUB_TUM,,,,Z2-L2,22:20:00
FMPC2897020408,BULKHUB_BLR,,,,Z1-R5,1:00:00
FMPC2894042694,SATELLITEHUB_MLR,,,,Z3-R6,23:10:00
FMPC2892131264,SATELLITEHUB_HSN,,,,Z1-L4,22:30:00
FMPC2894406304,SATELLITEHUB_DHP,,,,Z2-L3,17:00:00
FMPC2890243075,SATELLITEHUB_TNJR,,,,Z3-L1,4:20:00
FMPC2889728370,SATELLITEHUB_MLR,,,,Z3-R6,23:10:00
FMPC2895523786,SATELLITEHUB_MDY,,,,Z2-L4,22:40:00
FMPC2896769520,SATELLITEHUB_ATR,,,,Z1-L6,2:40:00
FMPP1763400024,SATELLITEHUB_YWP,,,,D6-A1,0:05:00
FMPP1761403193,SATELLITEHUB_DHP,,,,Z2-L3,17:00:00
FMPC2895763732,SATELLITEHUB_VYM,,,,Z2-L1,2:10:00
FMPC2895925073,SATELLITEHUB_PBLR,,,,Z4-L3,4:30:00
FMPC2895990327,SATELLITEHUB_WFL,,,,Z1-R6,0:20:00
FMPP1763170078,SATELLITEHUB_WFL,,,,Z1-R6,0:20:00
FMPC2893245370,SATELLITEHUB_ATR,,,,Z1-L6,2:40:00
FMPC2896572879,SATELLITEHUB_DHP,,,,Z2-L3,17:00:00
FMPP1763095404,SATELLITEHUB_TUM,,,,Z2-L2,22:20:00
FMPP1761752373,SATELLITEHUB_MDKR,,,,Z4-R5,15:30:00
FMPC2894317027,SATELLITEHUB_KRKL,,,,Z3-L4,4:10:00
FMPC2896626460,SATELLITEHUB_FKMYS,,,,Z4-L9,15:45:00
FMPC2893131249,SATELLITEHUB_NMKL,,,,Z3-L3,16:40:00
FMPP1763460312,SATELLITEHUB_BGR,,,,Z2-R4,1:30:00
FMPC2896783388,SATELLITEHUB_ATR,,,,Z1-L6,2:40:00
FMPC2896710189,SATELLITEHUB_WFL2,,,,Z1-R3,0:30:00
FMPC2894522903,SATELLITEHUB_TKSI,,,,Z4-R4,12:10:00
FMPP1763741010,SATELLITEHUB_FKMYS,,,,Z4-L9,15:45:00
FMPP1762423330,SATELLITEHUB_GRBD,,,,Z2-L6,22:15:00
FMPP1763192955,BULKHUB_BLR,,,,Z1-R5,1:00:00
FMPP1763546559,SATELLITEHUB_WFL3,,,,Z4-L7,0:25:00
FMPP1761761195,SATELLITEHUB_NGR,,,,Z3-L5,11:55:00
FMPP1763940572,SATELLITEHUB_TNJR,,,,Z3-L1,4:20:00
FMPC2895386284,SATELLITEHUB_MLR,,,,Z3-R6,23:10:00
FMPP1761606978,SATELLITEHUB_WFL3,,,,Z4-L7,0:25:00
FMPC2895248482,SATELLITEHUB_MLR,,,,Z3-R6,23:10:00
FMPC2896231655,SATELLITEHUB_FKMYS,,,,Z4-L9,15:45:00
FMPC2895233951,SATELLITEHUB_YWP1,,,,Z1-R1,0:10:00
FMPC2896336903,SATELLITEHUB_MLR,,,,Z3-R6,23:10:00
FMPP1763098854,SATELLITEHUB_ATR,,,,Z1-L6,2:40:00
FMPC2895216210,SATELLITEHUB_UDP,,,,Z1-L2,23:00:00
FMPC2896393628,BULKHUB_BLR,,,,Z1-R5,1:00:00
FMPC2895899364,SATELLITEHUB_TTC,,,,Z4-L2,12:40:00
FMPP1762543236,SATELLITEHUB_BGR,,,,Z2-R4,1:30:00
FMPR0457233552,SATELLITEHUB_YWP1,,,,Z1-R1,0:10:00
FMPC2895933143,SATELLITEHUB_HOS,,,,Z2-R1,5:10:00
FMPC2895805207,SATELLITEHUB_MYS,,,,Z3-R3,15:40:00
FMPR0457168813,SATELLITEHUB_RTN,,,,Z3-R5,0:15:00
FMPP1763596195,SATELLITEHUB_YWP,,,,D6-A1,0:05:00
FMPC2896021700,SATELLITEHUB_VYM,,,,Z2-L1,2:10:00
FMPC2896058805,SATELLITEHUB_NSP,,,,Z4-R1,0:50:00
FMPC2891500916,SATELLITEHUB_HSN,,,,Z1-L4,22:30:00
FMPP1761201809,SATELLITEHUB_WFL3,,,,Z4-L7,0:25:00
FMPC2894919264,SATELLITEHUB_SLM,,,,Z1-L1,16:50:00
FMPC2895100710,SATELLITEHUB_KMBK,,,,Z4-L5,4:25:00
FMPP1763515962,BULKHUB_BLR,,,,Z1-R5,1:00:00
FMPP1763992432,SATELLITEHUB_YWP1,,,,Z1-R1,0:10:00
FMPP1762904368,SATELLITEHUB_YWP,,,,D6-A1,0:05:00
FMPP1763157336,SATELLITEHUB_NGR,,,,Z3-L5,11:55:00
FMPP1763056239,SATELLITEHUB_WFL2,,,,Z1-R3,0:30:00
FMPC2895842318,SATELLITEHUB_HOS,,,,Z2-R1,5:10:00
FMPP1763382269,SATELLITEHUB_WFL1,,,,Z1-R2,0:40:00
FMPP1763341722,SATELLITEHUB_TNJR,,,,Z3-L1,4:20:00
FMPC2896650895,SATELLITEHUB_DHP,,,,Z2-L3,17:00:00
FMPP1763009800,SATELLITEHUB_PNK,,,,Z3-L6,2:50:00
FMPC2896052632,SATELLITEHUB_TNV,,,,Z3-L2,12:05:00
FMPP1763083205,SATELLITEHUB_GRBD,,,,Z2-L6,22:15:00
FMPP1763383127,SATELLITEHUB_YWP1,,,,Z1-R1,0:10:00
FMPP1763805769,BULKHUB_FKBLR2,,,,Z4-R9,1:20:00
FMPC2896482529,SATELLITEHUB_MDY,,,,Z2-L4,22:40:00
FMPC2896440208,SATELLITEHUB_MDKR,,,,Z4-R5,15:30:00
FMPC2896422356,SATELLITEHUB_KRKL,,,,Z3-L4,4:10:00
FMPP1763287425,SATELLITEHUB_WFL2,,,,Z1-R3,0:30:00
FMPC2896425508,SATELLITEHUB_YWP,,,,D6-A1,0:05:00
FMPP1763452322,SATELLITEHUB_TNJR,,,,Z3-L1,4:20:00
FMPC2896029003,SATELLITEHUB_NSP,,,,Z4-R1,0:50:00
FMPC2893874508,BULKHUB_BLR,,,,Z1-R5,1:00:00
FMPC2896236079,SATELLITEHUB_WFL1,,,,Z1-R2,0:40:00
FMPP1763209319,SATELLITEHUB_YWP1,,,,Z1-R1,0:10:00
FMPC2893647592,SATELLITEHUB_YWP1,,,,Z1-R1,0:10:00
FMPC2896230650,SATELLITEHUB_NGR,,,,Z3-L5,11:55:00
FMPC2893508701,SATELLITEHUB_KRKL,,,,Z3-L4,4:10:00
FMPP1763295591,SATELLITEHUB_MLR,,,,Z3-R6,23:10:00
FMPP1763098775,SATELLITEHUB_WFL2,,,,Z1-R3,0:30:00
FMPP1763710949,SATELLITEHUB_YWP1,,,,Z1-R1,0:10:00
FMPP1763383625,SATELLITEHUB_NMKL,,,,Z3-L3,16:40:00
FMPR0457078322,SATELLITEHUB_VYM,,,,Z2-L1,2:10:00
FMPC2895209840,SATELLITEHUB_SLM,,,,Z1-L1,16:50:00
FMPP1763361685,SATELLITEHUB_WFL1,,,,Z1-R2,0:40:00
FMPC2895729698,SATELLITEHUB_ATR,,,,Z1-L6,2:40:00
FMPP1761834342,SATELLITEHUB_MLR,,,,Z3-R6,23:10:00
FMPP1763446725,BULKHUB_BLR,,,,Z1-R5,1:00:00
FMPR0457061336,SATELLITEHUB_YWP1,,,,Z1-R1,0:10:00
FMPP1763218097,SATELLITEHUB_MPY,,,,Z4-L1,2:30:00
FMPC2895778946,SATELLITEHUB_MYS,,,,Z3-R3,15:40:00
FMPP1763002966,SATELLITEHUB_YWP,,,,D6-A1,0:05:00
FMPP1763303889,BULKHUB_BLR,,,,Z1-R5,1:00:00
FMPC2896607556,BULKHUB_BLR,,,,Z1-R5,1:00:00
FMPC2893795381,SATELLITEHUB_MYS,,,,Z3-R3,15:40:00
FMPC2896004006,SATELLITEHUB_MDKR,,,,Z4-R5,15:30:00
FMPC2853404678,BULKHUB_BLR,,,,Z1-R5,1:00:00
FMPP1763177781,SATELLITEHUB_YWP,,,,D6-A1,0:05:00
FMPC2873935655,SATELLITEHUB_YWP1,,,,Z1-R1,0:10:00
FMPC2895922884,SATELLITEHUB_UDP,,,,Z1-L2,23:00:00
FMPP1763062566,SATELLITEHUB_YWP,,,,D6-A1,0:05:00
FMPP1761659297,BULKHUB_BLR2,,,,Z2-R2,1:15:00
FMPC2859745151,SATELLITEHUB_YWP,,,,D6-A1,0:05:00
FMPC2893105061,SATELLITEHUB_TUM,,,,Z2-L2,22:20:00
FMPC2896018655,SATELLITEHUB_MDY,,,,Z2-L4,22:40:00
FMPP1763708053,SATELLITEHUB_NSP,,,,Z4-R1,0:50:00
FMPP1761254888,SATELLITEHUB_MYS,,,,Z3-R3,15:40:00
FMPC2890365952,BULKHUB_BLR,,,,Z1-R5,1:00:00
FMPC2856505017,SATELLITEHUB_WFL3,,,,Z4-L7,0:25:00
FMPC2896893114,SATELLITEHUB_WFL,,,,Z1-R6,0:20:00
FMPC2896389579,SATELLITEHUB_YWP,,,,D6-A1,0:05:00
FMPC2895189137,SATELLITEHUB_NSP,,,,Z4-R1,0:50:00
FMPP1762394378,SATELLITEHUB_WFL2,,,,Z1-R3,0:30:00
FMPC2895524769,SATELLITEHUB_TUM,,,,Z2-L2,22:20:00
FMPP1762428749,SATELLITEHUB_TNJR,,,,Z3-L1,4:20:00
FMPP1762856568,SATELLITEHUB_HOS,,,,Z2-R1,5:10:00
FMPP1762526061,SATELLITEHUB_RTN,,,,Z3-R5,0:15:00
FMPP1763388053,BULKHUB_BLR2,,,,Z2-R2,1:15:00
FMPC2896166296,SATELLITEHUB_KRKL,,,,Z3-L4,4:10:00
FMPC2896147276,SATELLITEHUB_ATR,,,,Z1-L6,2:40:00
FMPC2896059974,SATELLITEHUB_MYS,,,,Z3-R3,15:40:00
FMPC2896436681,SATELLITEHUB_RMPM,,,,Z4-L4,12:20:00
FMPP1763429464,SATELLITEHUB_WFL1,,,,Z1-R2,0:40:00
FMPP1759108095,SATELLITEHUB_YWP,,,,D6-A1,0:05:00
FMPC2863824093,SATELLITEHUB_YWP1,,,,Z1-R1,0:10:00
FMPP1763993583,SATELLITEHUB_YWP1,,,,Z1-R1,0:10:00
FMPP1761584213,SATELLITEHUB_WFL,,,,Z1-R6,0:20:00
FMPP1763546041,SATELLITEHUB_TUM,,,,Z2-L2,22:20:00
FMPC2896131960,SATELLITEHUB_WFL1,,,,Z1-R2,0:40:00
FMPC2895842784,SATELLITEHUB_YWP,,,,D6-A1,0:05:00
FMPP1761586353,SATELLITEHUB_GRBD,,,,Z2-L6,22:15:00
FMPP1763762700,SATELLITEHUB_HSN,,,,Z1-L4,22:30:00
FMPP1761438640,BULKHUB_BLR,,,,Z1-R5,1:00:00
FMPP1761487176,SATELLITEHUB_WFL3,,,,Z4-L7,0:25:00
FMPC2897069482,SATELLITEHUB_FKMYS,,,,Z4-L9,15:45:00
FMPP1763210200,SATELLITEHUB_WFL2,,,,Z1-R3,0:30:00
FMPP1764188636,SATELLITEHUB_RTN,,,,Z3-R5,0:15:00
FMPC2896698746,SATELLITEHUB_SLM,,,,Z1-L1,16:50:00
FMPP1763633883,SATELLITEHUB_YWP,,,,D6-A1,0:05:00
FMPP1763422456,SATELLITEHUB_KMBK,,,,Z4-L5,4:25:00
FMPC2896409377,SATELLITEHUB_KRKL,,,,Z3-L4,4:10:00
FMPP1760211699,SATELLITEHUB_SVK,,,,Z2-L5,12:30:00
FMPC2896094706,BULKHUB_BLR2,,,,Z2-R2,1:15:00
FMPP1763264667,SATELLITEHUB_YWP1,,,,Z1-R1,0:10:00
FMPC2896071688,SATELLITEHUB_NSP,,,,Z4-R1,0:50:00
FMPP1762646285,SATELLITEHUB_WFL2,,,,Z1-R3,0:30:00
FMPC2896011410,SATELLITEHUB_ATR,,,,Z1-L6,2:40:00
FMPC2896612706,SATELLITEHUB_HSN,,,,Z1-L4,22:30:00
FMPP1762859232,SATELLITEHUB_YWP,,,,D6-A1,0:05:00
FMPP1763128697,SATELLITEHUB_NSP,,,,Z4-R1,0:50:00
FMPP1761205311,SATELLITEHUB_ATR,,,,Z1-L6,2:40:00
FMPC2895864753,SATELLITEHUB_ATR,,,,Z1-L6,2:40:00
FMPC2894640708,SATELLITEHUB_HSN,,,,Z1-L4,22:30:00
FMPC2895513380,SATELLITEHUB_TNJR,,,,Z3-L1,4:20:00
FMPC2897300228,SATELLITEHUB_ATR,,,,Z1-L6,2:40:00
FMPC2893466166,BULKHUB_FKBLR2,,,,Z4-R9,1:20:00
FMPP1762832421,BULKHUB_BLR,,,,Z1-R5,1:00:00
FMPP1763181284,SATELLITEHUB_WFL2,,,,Z1-R3,0:30:00
FMPC2860015630,SATELLITEHUB_HOS,,,,Z2-R1,5:10:00
FMPC2894959187,SATELLITEHUB_KRKL,,,,Z3-L4,4:10:00
FMPC2895396838,SATELLITEHUB_RMPM,,,,Z4-L4,12:20:00
FMPC2895831016,SATELLITEHUB_DHP,,,,Z2-L3,17:00:00
FMPC2896257711,SATELLITEHUB_NGR,,,,Z3-L5,11:55:00
FMPC2896413975,SATELLITEHUB_HSN,,,,Z1-L4,22:30:00
FMPC2895709161,SATELLITEHUB_TKDI,,,,Z4-R6,4:35:00
FMPP1762808972,BULKHUB_BLR,,,,Z1-R5,1:00:00
FMPP1763021082,BULKHUB_BLR2,,,,Z2-R2,1:15:00
FMPC2896108824,SATELLITEHUB_WFL3,,,,Z4-L7,0:25:00
FMPP1763278441,BULKHUB_FKBLR2,,,,Z4-R9,1:20:00
FMPC2895794272,SATELLITEHUB_YWP1,,,,Z1-R1,0:10:00
FMPC2897026601,SATELLITEHUB_WFL2,,,,Z1-R3,0:30:00
FMPC2895934492,SATELLITEHUB_WFL2,,,,Z1-R3,0:30:00
FMPC2895381798,SATELLITEHUB_MPY,,,,Z4-L1,2:30:00
FMPC2893304925,SATELLITEHUB_UDP,,,,Z1-L2,23:00:00
FMPP1761952494,SATELLITEHUB_HSN,,,,Z1-L4,22:30:00
FMPP1763153076,SATELLITEHUB_HOS,,,,Z2-R1,5:10:00
FMPP1764173694,SATELLITEHUB_YWP,,,,D6-A1,0:05:00
FMPC2895441861,SATELLITEHUB_YWP1,,,,Z1-R1,0:10:00
FMPC2894916763,SATELLITEHUB_YWP,,,,D6-A1,0:05:00
FMPC2895190136,SATELLITEHUB_MDKR,,,,Z4-R5,15:30:00
FMPP1762630573,SATELLITEHUB_HSN,,,,Z1-L4,22:30:00
FMPP1763199710,SATELLITEHUB_WFL,,,,Z1-R6,0:20:00
FMPC2891247222,SATELLITEHUB_WFL,,,,Z1-R6,0:20:00
FMPC2897068737,BULKHUB_BLR,,,,Z1-R5,1:00:00
FMPC2896363464,SATELLITEHUB_MDY,,,,Z2-L4,22:40:00
FMPP1763824638,SATELLITEHUB_VYM,,,,Z2-L1,2:10:00
FMPP1762881492,SATELLITEHUB_DHP,,,,Z2-L3,17:00:00
FMPC2895493593,SATELLITEHUB_TTC,,,,Z4-L2,12:40:00
FMPC2896035298,SATELLITEHUB_VYM,,,,Z2-L1,2:10:00
FMPP1763175949,SATELLITEHUB_YWP,,,,D6-A1,0:05:00
FMPC2896982647,SATELLITEHUB_YWP,,,,D6-A1,0:05:00
FMPP1763392160,BULKHUB_BLR,,,,Z1-R5,1:00:00
FMPP1762629753,SATELLITEHUB_NSP,,,,Z4-R1,0:50:00
FMPC2896157451,SATELLITEHUB_TTC,,,,Z4-L2,12:40:00
FMPC2896372186,SATELLITEHUB_VYM,,,,Z2-L1,2:10:00
FMPC2895999775,SATELLITEHUB_RMPM,,,,Z4-L4,12:20:00
FMPP1763680475,SATELLITEHUB_WFL,,,,Z1-R6,0:20:00
FMPC2892175744,SATELLITEHUB_TNJR,,,,Z3-L1,4:20:00
FMPC2893132883,SATELLITEHUB_KRKL,,,,Z3-L4,4:10:00
FMPC2868286874,SATELLITEHUB_HOS,,,,Z2-R1,5:10:00
FMPP1763923335,SATELLITEHUB_MYS,,,,Z3-R3,15:40:00
FMPP1763624528,SATELLITEHUB_WFL3,,,,Z4-L7,0:25:00
FMPC2896127924,SATELLITEHUB_SVK,,,,Z2-L5,12:30:00
FMPP1760200652,SATELLITEHUB_WFL1,,,,Z1-R2,0:40:00
FMPP1762789112,SATELLITEHUB_NGR,,,,Z3-L5,11:55:00
FMPC2895078583,SATELLITEHUB_TTC,,,,Z4-L2,12:40:00
FMPC2896859176,SATELLITEHUB_TNJR,,,,Z3-L1,4:20:00
FMPC2895218212,SATELLITEHUB_MPY,,,,Z4-L1,2:30:00
FMPC2896832894,SATELLITEHUB_WFL3,,,,Z4-L7,0:25:00
FMPC2896873885,BULKHUB_BLR2,,,,Z2-R2,1:15:00
FMPC2893347148,SATELLITEHUB_NSP,,,,Z4-R1,0:50:00
FMPC2896359404,SATELLITEHUB_WFL,,,,Z1-R6,0:20:00
FMPP1763100770,SATELLITEHUB_WFL2,,,,Z1-R3,0:30:00
FMPP1762792539,SATELLITEHUB_WFL,,,,Z1-R6,0:20:00
FMPC2894442129,SATELLITEHUB_TTC,,,,Z4-L2,12:40:00
FMPR0457059837,SATELLITEHUB_YWP1,,,,Z1-R1,0:10:00
FMPP1763063129,SATELLITEHUB_RTN,,,,Z3-R5,0:15:00
FMPC2895768293,SATELLITEHUB_YWP1,,,,Z1-R1,0:10:00
FMPR0456745991,SATELLITEHUB_WFL3,,,,Z4-L7,0:25:00
FMPC2892596023,SATELLITEHUB_TNV,,,,Z3-L2,12:05:00
FMPC2896279494,SATELLITEHUB_WFL,,,,Z1-R6,0:20:00
FMPP1763705196,SATELLITEHUB_KMBK,,,,Z4-L5,4:25:00
FMPP1762161767,SATELLITEHUB_RTN,,,,Z3-R5,0:15:00
FMPC2844900097,SATELLITEHUB_WFL2,,,,Z1-R3,0:30:00
FMPP1763081410,BULKHUB_BLR,,,,Z1-R5,1:00:00
FMPC2895470504,BULKHUB_BLR2,,,,Z2-R2,1:15:00
FMPC2896450223,SATELLITEHUB_SLM,,,,Z1-L1,16:50:00
FMPP1762956228,SATELLITEHUB_WFL1,,,,Z1-R2,0:40:00
FMPP1762640573,SATELLITEHUB_TKDI,,,,Z4-R6,4:35:00
FMPC2893337772,SATELLITEHUB_MLR,,,,Z3-R6,23:10:00
FMPC2896020900,SATELLITEHUB_ATR,,,,Z1-L6,2:40:00
FMPC2896876896,SATELLITEHUB_WFL1,,,,Z1-R2,0:40:00
FMPC2893859550,SATELLITEHUB_NSP,,,,Z4-R1,0:50:00
FMPP1760214319,SATELLITEHUB_KRKL,,,,Z3-L4,4:10:00
FMPP1763059047,SATELLITEHUB_HSN,,,,Z1-L4,22:30:00
FMPC2896874875,SATELLITEHUB_ATR,,,,Z1-L6,2:40:00
FMPP1761628130,SATELLITEHUB_WFL2,,,,Z1-R3,0:30:00
FMPC2896248484,SATELLITEHUB_YWP,,,,D6-A1,0:05:00
FMPP1763253148,SATELLITEHUB_SVK,,,,Z2-L5,12:30:00
FMPC2896278422,SATELLITEHUB_YWP1,,,,Z1-R1,0:10:00
FMPP1762644541,SATELLITEHUB_UDP,,,,Z1-L2,23:00:00
FMPC2871078452,SATELLITEHUB_HOS,,,,Z2-R1,5:10:00
FMPC2895473797,SATELLITEHUB_YWP1,,,,Z1-R1,0:10:00
FMPP1747276589,SATELLITEHUB_HOS,,,,Z2-R1,5:10:00
FMPC2895220692,SATELLITEHUB_HOS,,,,Z2-R1,5:10:00
FMPC2895416403,SATELLITEHUB_YWP1,,,,Z1-R1,0:10:00
FMPP1762941828,SATELLITEHUB_WFL3,,,,Z4-L7,0:25:00
FMPP1763309783,SATELLITEHUB_WFL1,,,,Z1-R2,0:40:00
FMPC2895453670,SATELLITEHUB_MDY,,,,Z2-L4,22:40:00
FMPP1763150309,SATELLITEHUB_WFL1,,,,Z1-R2,0:40:00
FMPC2897323746,SATELLITEHUB_YWP,,,,D6-A1,0:05:00
FMPC2893633416,SATELLITEHUB_TKDI,,,,Z4-R6,4:35:00
FMPP1763695803,SATELLITEHUB_HOS,,,,Z2-R1,5:10:00
FMPP1762424330,SATELLITEHUB_WFL,,,,Z1-R6,0:20:00
FMPC2896358111,SATELLITEHUB_HSN,,,,Z1-L4,22:30:00
FMPC2895815733,SATELLITEHUB_SLM,,,,Z1-L1,16:50:00
FMPP1763168478,SATELLITEHUB_WFL2,,,,Z1-R3,0:30:00
FMPC2894939591,SATELLITEHUB_NSP,,,,Z4-R1,0:50:00
FMPP1762074425,SATELLITEHUB_MYS,,,,Z3-R3,15:40:00
FMPC2896146784,SATELLITEHUB_PBLR,,,,Z4-L3,4:30:00
FMPP1762997371,SATELLITEHUB_FKMYS,,,,Z4-L9,15:45:00
FMPC2895997332,SATELLITEHUB_ATR,,,,Z1-L6,2:40:00
FMPP1763619533,SATELLITEHUB_MYS,,,,Z3-R3,15:40:00
FMPP1763241492,SATELLITEHUB_TTC,,,,Z4-L2,12:40:00
FMPC2896029249,SATELLITEHUB_WFL,,,,Z1-R6,0:20:00
FMPP1762159886,SATELLITEHUB_YWP,,,,D6-A1,0:05:00
FMPC2895676700,SATELLITEHUB_MLR,,,,Z3-R6,23:10:00
FMPC2893530037,SATELLITEHUB_SVK,,,,Z2-L5,12:30:00
FMPP1763141322,SATELLITEHUB_HSN,,,,Z1-L4,22:30:00
FMPP1763441663,SATELLITEHUB_KRKL,,,,Z3-L4,4:10:00
FMPP1762531050,SATELLITEHUB_WFL2,,,,Z1-R3,0:30:00
FMPP1763943350,BULKHUB_BLR,,,,Z1-R5,1:00:00
FMPC2897114230,SATELLITEHUB_HSN,,,,Z1-L4,22:30:00
FMPP1740196171,SATELLITEHUB_YWP,,,,D6-A1,0:05:00
FMPP1763298337,SATELLITEHUB_YWP,,,,D6-A1,0:05:00
FMPP1763778408,SATELLITEHUB_WFL3,,,,Z4-L7,0:25:00
FMPC2895763188,SATELLITEHUB_WFL1,,,,Z1-R2,0:40:00
FMPC2895861803,SATELLITEHUB_MLR,,,,Z3-R6,23:10:00
FMPP1762150541,BULKHUB_BLR,,,,Z1-R5,1:00:00
FMPC2893831926,SATELLITEHUB_FKMYS,,,,Z4-L9,15:45:00
FMPP1763611316,BULKHUB_BLR,,,,Z1-R5,1:00:00
FMPP1764008251,SATELLITEHUB_MLR,,,,Z3-R6,23:10:00
FMPP1761606151,SATELLITEHUB_NGR,,,,Z3-L5,11:55:00
FMPC2896446204,SATELLITEHUB_UDP,,,,Z1-L2,23:00:00
FMPC2893829004,SATELLITEHUB_NGR,,,,Z3-L5,11:55:00
FMPC2892710088,SATELLITEHUB_MDY,,,,Z2-L4,22:40:00
FMPC2855520026,SATELLITEHUB_HOS,,,,Z2-R1,5:10:00
FMPC2896247021,SATELLITEHUB_MDKR,,,,Z4-R5,15:30:00
FMPC2895889734,SATELLITEHUB_DHP,,,,Z2-L3,17:00:00
FMPP1763249354,SATELLITEHUB_MLR,,,,Z3-R6,23:10:00
FMPP1761962116,BULKHUB_BLR2,,,,Z2-R2,1:15:00
FMPC2896250560,SATELLITEHUB_MLR,,,,Z3-R6,23:10:00
FMPP1762521600,SATELLITEHUB_MLR,,,,Z3-R6,23:10:00
FMPP1763620034,SATELLITEHUB_NMKL,,,,Z3-L3,16:40:00
FMPC2896225249,SATELLITEHUB_VYM,,,,Z2-L1,2:10:00
FMPC2896982866,SATELLITEHUB_YWP1,,,,Z1-R1,0:10:00
FMPC2896896067,SATELLITEHUB_MDKR,,,,Z4-R5,15:30:00
FMPP1763393595,SATELLITEHUB_WFL3,,,,Z4-L7,0:25:00
FMPP1763265178,SATELLITEHUB_BGR,,,,Z2-R4,1:30:00
FMPP1763412873,SATELLITEHUB_NSP,,,,Z4-R1,0:50:00
FMPP1763405943,SATELLITEHUB_YWP,,,,D6-A1,0:05:00
FMPC2896190213,SATELLITEHUB_VYM,,,,Z2-L1,2:10:00
FMPP1762908021,SATELLITEHUB_WFL,,,,Z1-R6,0:20:00
FMPP1763317359,SATELLITEHUB_TNV,,,,Z3-L2,12:05:00
FMPP1761534803,SATELLITEHUB_TNJR,,,,Z3-L1,4:20:00
FMPC2893118898,SATELLITEHUB_YWP,,,,D6-A1,0:05:00
FMPP1763852396,SATELLITEHUB_WFL,,,,Z1-R6,0:20:00
FMPP1759892557,SATELLITEHUB_WFL,,,,Z1-R6,0:20:00
FMPP1761121418,SATELLITEHUB_WFL1,,,,Z1-R2,0:40:00
FMPP1762646284,SATELLITEHUB_WFL,,,,Z1-R6,0:20:00
FMPP1763289437,SATELLITEHUB_YWP,,,,D6-A1,0:05:00
FMPP1727279556,SATELLITEHUB_HOS,,,,Z2-R1,5:10:00
FMPP1763290309,SATELLITEHUB_RTN,,,,Z3-R5,0:15:00
FMPC2893646185,SATELLITEHUB_TNJR,,,,Z3-L1,4:20:00
FMPC2896708717,SATELLITEHUB_KMBK,,,,Z4-L5,4:25:00
FMPP1758860753,SATELLITEHUB_VYM,,,,Z2-L1,2:10:00
FMPC2893827642,SATELLITEHUB_RTN,,,,Z3-R5,0:15:00
FMPP1763892442,SATELLITEHUB_YWP1,,,,Z1-R1,0:10:00
FMPC2894320232,SATELLITEHUB_KRKL,,,,Z3-L4,4:10:00
FMPP1763857116,SATELLITEHUB_MLR,,,,Z3-R6,23:10:00
FMPP1759675486,SATELLITEHUB_YWP,,,,D6-A1,0:05:00
FMPP1763377379,SATELLITEHUB_YWP1,,,,Z1-R1,0:10:00
FMPC2894286732,SATELLITEHUB_TUM,,,,Z2-L2,22:20:00
FMPC2896245531,SATELLITEHUB_DHP,,,,Z2-L3,17:00:00
FMPC2896127978,SATELLITEHUB_DHP,,,,Z2-L3,17:00:00
FMPC2896272956,SATELLITEHUB_WFL1,,,,Z1-R2,0:40:00
FMPP1763161903,SATELLITEHUB_YWP,,,,D6-A1,0:05:00
FMPP1763460937,SATELLITEHUB_WFL1,,,,Z1-R2,0:40:00
FMPC2896696058,SATELLITEHUB_BGR,,,,Z2-R4,1:30:00
FMPP1762846591,SATELLITEHUB_SVK,,,,Z2-L5,12:30:00
FMPC2896878024,SATELLITEHUB_NMKL,,,,Z3-L3,16:40:00
FMPP1763363705,SATELLITEHUB_BGR,,,,Z2-R4,1:30:00
FMPC2896166073,SATELLITEHUB_ATR,,,,Z1-L6,2:40:00
FMPP1763024934,SATELLITEHUB_MLR,,,,Z3-R6,23:10:00
FMPC2896220022,SATELLITEHUB_HOS,,,,Z2-R1,5:10:00
FMPC2895915862,SATELLITEHUB_WFL,,,,Z1-R6,0:20:00
FMPC2896004682,BULKHUB_BLR,,,,Z1-R5,1:00:00
FMPC2896174035,SATELLITEHUB_MLR,,,,Z3-R6,23:10:00
FMPC2896293514,SATELLITEHUB_BGR,,,,Z2-R4,1:30:00
FMPP1762922626,SATELLITEHUB_SLM,,,,Z1-L1,16:50:00
FMPP1762145893,SATELLITEHUB_BGR,,,,Z2-R4,1:30:00
FMPP1763393430,SATELLITEHUB_TKSI,,,,Z4-R4,12:10:00
FMPC2896502742,SATELLITEHUB_KMBK,,,,Z4-L5,4:25:00
FMPC2896606317,SATELLITEHUB_SLM,,,,Z1-L1,16:50:00
FMPP1763568120,SATELLITEHUB_YWP1,,,,Z1-R1,0:10:00
FMPP1763227532,SATELLITEHUB_FKMYS,,,,Z4-L9,15:45:00
FMPP1763833297,SATELLITEHUB_YWP,,,,D6-A1,0:05:00
FMPP1763124093,SATELLITEHUB_NGR,,,,Z3-L5,11:55:00
FMPC2896249662,SATELLITEHUB_GRBD,,,,Z2-L6,22:15:00
FMPC2895804665,SATELLITEHUB_TNJR,,,,Z3-L1,4:20:00
FMPC2896685501,SATELLITEHUB_HOS,,,,Z2-R1,5:10:00
FMPC2894918941,SATELLITEHUB_YWP1,,,,Z1-R1,0:10:00
FMPC2896150008,SATELLITEHUB_DHP,,,,Z2-L3,17:00:00
FMPP1763104781,SATELLITEHUB_MDY,,,,Z2-L4,22:40:00
FMPC2894637202,SATELLITEHUB_KRKL,,,,Z3-L4,4:10:00
FMPP1763282166,SATELLITEHUB_HOS,,,,Z2-R1,5:10:00
FMPP1763326186,SATELLITEHUB_HOS,,,,Z2-R1,5:10:00
FMPC2896142629,SATELLITEHUB_TKDI,,,,Z4-R6,4:35:00
FMPC2896010907,SATELLITEHUB_HSN,,,,Z1-L4,22:30:00
FMPP1763640479,SATELLITEHUB_TNJR,,,,Z3-L1,4:20:00
FMPC2893759146,SATELLITEHUB_FKMYS,,,,Z4-L9,15:45:00
FMPC2895690601,SATELLITEHUB_HSN,,,,Z1-L4,22:30:00
FMPP1763443201,SATELLITEHUB_WFL2,,,,Z1-R3,0:30:00
FMPP1762986079,SATELLITEHUB_BGR,,,,Z2-R4,1:30:00
FMPC2895778014,SATELLITEHUB_GRBD,,,,Z2-L6,22:15:00
FMPC2895866830,SATELLITEHUB_KRKL,,,,Z3-L4,4:10:00
FMPP1763740471,SATELLITEHUB_NSP,,,,Z4-R1,0:50:00
FMPC2895541792,SATELLITEHUB_WFL3,,,,Z4-L7,0:25:00
FMPP1763210239,SATELLITEHUB_YWP,,,,D6-A1,0:05:00
FMPC2880290672,SATELLITEHUB_HOS,,,,Z2-R1,5:10:00
FMPP1761814245,SATELLITEHUB_NGR,,,,Z3-L5,11:55:00
FMPP1763460981,SATELLITEHUB_BGR,,,,Z2-R4,1:30:00
FMPC2896563380,SATELLITEHUB_YWP,,,,D6-A1,0:05:00
FMPP1763554957,SATELLITEHUB_WFL1,,,,Z1-R2,0:40:00
FMPP1762822752,SATELLITEHUB_NGR,,,,Z3-L5,11:55:00
FMPC2896886400,SATELLITEHUB_PBLR,,,,Z4-L3,4:30:00
FMPC2897141140,BULKHUB_FKBLR2,,,,Z4-R9,1:20:00
FMPC2896422010,SATELLITEHUB_SLM,,,,Z1-L1,16:50:00
FMPP1762514221,BULKHUB_BLR2,,,,Z2-R2,1:15:00
FMPC2895932166,SATELLITEHUB_GRBD,,,,Z2-L6,22:15:00
FMPC2896049390,SATELLITEHUB_WFL2,,,,Z1-R3,0:30:00
FMPP1763288287,SATELLITEHUB_SLM,,,,Z1-L1,16:50:00
FMPC2896068900,SATELLITEHUB_WFL2,,,,Z1-R3,0:30:00
FMPC2895431710,SATELLITEHUB_MLR,,,,Z3-R6,23:10:00
FMPP1762431114,BULKHUB_BLR2,,,,Z2-R2,1:15:00
FMPC2896690873,SATELLITEHUB_TKDI,,,,Z4-R6,4:35:00
FMPC2892172809,SATELLITEHUB_NSP,,,,Z4-R1,0:50:00
FMPC2893316491,SATELLITEHUB_WFL,,,,Z1-R6,0:20:00
FMPC2896348190,SATELLITEHUB_HSN,,,,Z1-L4,22:30:00
FMPP1763292536,SATELLITEHUB_PBLR,,,,Z4-L3,4:30:00
FMPC2864670695,SATELLITEHUB_YWP1,,,,Z1-R1,0:10:00
FMPP1762540061,BULKHUB_BLR2,,,,Z2-R2,1:15:00
FMPP1762785448,SATELLITEHUB_BGR,,,,Z2-R4,1:30:00
FMPP1762925933,SATELLITEHUB_RTN,,,,Z3-R5,0:15:00
FMPP1763598957,SATELLITEHUB_TTC,,,,Z4-L2,12:40:00
FMPP1761461501,SATELLITEHUB_ATR,,,,Z1-L6,2:40:00
FMPC2894351855,SATELLITEHUB_WFL1,,,,Z1-R2,0:40:00
FMPP1763044581,SATELLITEHUB_WFL,,,,Z1-R6,0:20:00
FMPP1763796957,SATELLITEHUB_MPY,,,,Z4-L1,2:30:00
FMPP1763167863,SATELLITEHUB_MPY,,,,Z4-L1,2:30:00
FMPC2896615573,BULKHUB_BLR,,,,Z1-R5,1:00:00
FMPC2896294514,SATELLITEHUB_YWP,,,,D6-A1,0:05:00
FMPP1763671908,SATELLITEHUB_NSP,,,,Z4-R1,0:50:00
FMPC2896256313,SATELLITEHUB_UDP,,,,Z1-L2,23:00:00
FMPC2896855949,SATELLITEHUB_FKMYS,,,,Z4-L9,15:45:00
FMPC2896364906,SATELLITEHUB_YWP1,,,,Z1-R1,0:10:00
FMPP1763105399,SATELLITEHUB_YWP1,,,,Z1-R1,0:10:00
FMPP1763217746,SATELLITEHUB_SVK,,,,Z2-L5,12:30:00
FMPC2896250892,SATELLITEHUB_NGR,,,,Z3-L5,11:55:00
FMPC2896063838,SATELLITEHUB_MPY,,,,Z4-L1,2:30:00
FMPC2895076581,SATELLITEHUB_TTC,,,,Z4-L2,12:40:00
FMPP1763237118,SATELLITEHUB_MLR,,,,Z3-R6,23:10:00
FMPP1763164327,SATELLITEHUB_RTN,,,,Z3-R5,0:15:00
FMPC2896114392,SATELLITEHUB_MRDM,,,,Z4-L6,11:45:00
FMPC2892864091,SATELLITEHUB_DHP,,,,Z2-L3,17:00:00
FMPP1763255297,SATELLITEHUB_MLR,,,,Z3-R6,23:10:00
FMPC2896597958,SATELLITEHUB_PNK,,,,Z3-L6,2:50:00
FMPP1762038539,SATELLITEHUB_FKMYS,,,,Z4-L9,15:45:00
FMPC2896074600,SATELLITEHUB_HOS,,,,Z2-R1,5:10:00
FMPP1763352943,SATELLITEHUB_MYS,,,,Z3-R3,15:40:00
FMPC2895821598,SATELLITEHUB_MDY,,,,Z2-L4,22:40:00
FMPP1763236895,SATELLITEHUB_GRBD,,,,Z2-L6,22:15:00
FMPP1763450692,SATELLITEHUB_WFL,,,,Z1-R6,0:20:00
FMPP1763685569,SATELLITEHUB_BGR,,,,Z2-R4,1:30:00
FMPP1763172984,SATELLITEHUB_HOS,,,,Z2-R1,5:10:00
FMPP1761150121,SATELLITEHUB_YWP1,,,,Z1-R1,0:10:00
FMPR0454150537,SATELLITEHUB_WFL2,,,,Z1-R3,0:30:00
FMPP1762424120,SATELLITEHUB_YWP1,,,,Z1-R1,0:10:00
FMPC2891831997,SATELLITEHUB_TKSI,,,,Z4-R4,12:10:00
FMPC2895779314,SATELLITEHUB_MDY,,,,Z2-L4,22:40:00
FMPC2896527479,SATELLITEHUB_MLR,,,,Z3-R6,23:10:00
FMPP1763915471,BULKHUB_BLR,,,,Z1-R5,1:00:00
FMPP1763185643,SATELLITEHUB_MPY,,,,Z4-L1,2:30:00
FMPP1763748660,SATELLITEHUB_MYS,,,,Z3-R3,15:40:00
FMPP1762626258,SATELLITEHUB_RTN,,,,Z3-R5,0:15:00
FMPP1763043685,SATELLITEHUB_WFL1,,,,Z1-R2,0:40:00
FMPC2895930983,SATELLITEHUB_PBLR,,,,Z4-L3,4:30:00
FMPP1762639573,SATELLITEHUB_WFL1,,,,Z1-R2,0:40:00
FMPC2896455786,SATELLITEHUB_KMBK,,,,Z4-L5,4:25:00
FMPC2896194720,SATELLITEHUB_DHP,,,,Z2-L3,17:00:00
FMPP1763574133,SATELLITEHUB_HSN,,,,Z1-L4,22:30:00
FMPC2896096611,SATELLITEHUB_YWP,,,,D6-A1,0:05:00
FMPP1763422762,SATELLITEHUB_HOS,,,,Z2-R1,5:10:00
FMPP1763495638,SATELLITEHUB_YWP,,,,D6-A1,0:05:00
FMPC2897046722,SATELLITEHUB_DHP,,,,Z2-L3,17:00:00
FMPP1763464203,SATELLITEHUB_HSN,,,,Z1-L4,22:30:00
FMPP1763370840,SATELLITEHUB_WFL2,,,,Z1-R3,0:30:00
FMPC2896350514,SATELLITEHUB_WFL2,,,,Z1-R3,0:30:00
FMPC2895176137,SATELLITEHUB_NSP,,,,Z4-R1,0:50:00
FMPP1762654710,BULKHUB_BLR,,,,Z1-R5,1:00:00
FMPC2895893124,SATELLITEHUB_SVK,,,,Z2-L5,12:30:00
FMPC2896503034,SATELLITEHUB_ATR,,,,Z1-L6,2:40:00
FMPP1763145459,SATELLITEHUB_RTN,,,,Z3-R5,0:15:00
FMPP1763258603,SATELLITEHUB_BGR,,,,Z2-R4,1:30:00
FMPP1763575618,SATELLITEHUB_VYM,,,,Z2-L1,2:10:00
FMPP1762977579,SATELLITEHUB_ATR,,,,Z1-L6,2:40:00
FMPP1763272463,SATELLITEHUB_TNJR,,,,Z3-L1,4:20:00
FMPP1761123879,SATELLITEHUB_KRKL,,,,Z3-L4,4:10:00
FMPP1763011944,SATELLITEHUB_MRDM,,,,Z4-L6,11:45:00
FMPC2895673553,SATELLITEHUB_YWP1,,,,Z1-R1,0:10:00
FMPC2895783439,SATELLITEHUB_YWP,,,,D6-A1,0:05:00
FMPC2896499105,SATELLITEHUB_PNK,,,,Z3-L6,2:50:00
FMPP1763610855,SATELLITEHUB_KMBK,,,,Z4-L5,4:25:00
FMPC2895904357,SATELLITEHUB_YWP1,,,,Z1-R1,0:10:00
FMPP1763522869,SATELLITEHUB_HOS,,,,Z2-R1,5:10:00
FMPP1763697211,SATELLITEHUB_WFL,,,,Z1-R6,0:20:00
FMPR0457013451,SATELLITEHUB_HOS,,,,Z2-R1,5:10:00
FMPC2896073304,SATELLITEHUB_PNK,,,,Z3-L6,2:50:00
FMPP1763744027,SATELLITEHUB_WFL,,,,Z1-R6,0:20:00
FMPP1763766158,SATELLITEHUB_RMPM,,,,Z4-L4,12:20:00
FMPC2893131390,SATELLITEHUB_KRKL,,,,Z3-L4,4:10:00
FMPC2896350327,SATELLITEHUB_YWP,,,,D6-A1,0:05:00
FMPP1759108596,SATELLITEHUB_VYM,,,,Z2-L1,2:10:00
FMPC2895959524,SATELLITEHUB_MYS,,,,Z3-R3,15:40:00
FMPC2896606624,SATELLITEHUB_FKMYS,,,,Z4-L9,15:45:00
FMPC2895114764,SATELLITEHUB_YWP,,,,D6-A1,0:05:00
FMPC2895677607,SATELLITEHUB_WFL3,,,,Z4-L7,0:25:00
FMPP1763469659,SATELLITEHUB_DHP,,,,Z2-L3,17:00:00
FMPC2896132950,SATELLITEHUB_GRBD,,,,Z2-L6,22:15:00
FMPC2896599714,SATELLITEHUB_KMBK,,,,Z4-L5,4:25:00
FMPC2896007909,SATELLITEHUB_YWP,,,,D6-A1,0:05:00
FMPP1762652212,BULKHUB_BLR,,,,Z1-R5,1:00:00
FMPP1763290593,SATELLITEHUB_WFL2,,,,Z1-R3,0:30:00
FMPP1763129574,BULKHUB_BLR,,,,Z1-R5,1:00:00
FMPP1763234015,SATELLITEHUB_RTN,,,,Z3-R5,0:15:00
FMPC2891895596,BULKHUB_BLR,,,,Z1-R5,1:00:00
FMPC2896267324,SATELLITEHUB_WFL2,,,,Z1-R3,0:30:00
FMPC2896412048,SATELLITEHUB_SVK,,,,Z2-L5,12:30:00
FMPC2896710188,SATELLITEHUB_NSP,,,,Z4-R1,0:50:00
FMPC2894852984,SATELLITEHUB_MDY,,,,Z2-L4,22:40:00
FMPC2896087319,SATELLITEHUB_TNJR,,,,Z3-L1,4:20:00
FMPC2895726891,SATELLITEHUB_UDP,,,,Z1-L2,23:00:00
FMPP1763251424,SATELLITEHUB_KMBK,,,,Z4-L5,4:25:00
FMPP1762986762,SATELLITEHUB_YWP1,,,,Z1-R1,0:10:00
FMPC2895953308,SATELLITEHUB_YWP1,,,,Z1-R1,0:10:00
FMPP1763279613,SATELLITEHUB_ATR,,,,Z1-L6,2:40:00
FMPC2895562762,SATELLITEHUB_HOS,,,,Z2-R1,5:10:00
FMPC2895047435,SATELLITEHUB_TNJR,,,,Z3-L1,4:20:00
FMPC2893480780,SATELLITEHUB_TNJR,,,,Z3-L1,4:20:00
FMPC2894958215,SATELLITEHUB_MYS,,,,Z3-R3,15:40:00
FMPC2895496098,SATELLITEHUB_VYM,,,,Z2-L1,2:10:00
FMPP1763212294,SATELLITEHUB_WFL2,,,,Z1-R3,0:30:00
FMPC2896211889,SATELLITEHUB_ATR,,,,Z1-L6,2:40:00
FMPP1763004374,SATELLITEHUB_NSP,,,,Z4-R1,0:50:00
FMPC2894961690,SATELLITEHUB_WFL3,,,,Z4-L7,0:25:00
FMPP1763104109,SATELLITEHUB_MRDM,,,,Z4-L6,11:45:00
FMPC2896719328,SATELLITEHUB_MDY,,,,Z2-L4,22:40:00
FMPP1763250560,SATELLITEHUB_TUM,,,,Z2-L2,22:20:00
FMPC2896582073,SATELLITEHUB_YWP1,,,,Z1-R1,0:10:00
FMPP1763562416,SATELLITEHUB_DHP,,,,Z2-L3,17:00:00
FMPP1762213561,SATELLITEHUB_BGR,,,,Z2-R4,1:30:00
FMPC2896018158,SATELLITEHUB_SVK,,,,Z2-L5,12:30:00
FMPP1761595562,SATELLITEHUB_WFL1,,,,Z1-R2,0:40:00
FMPP1762901048,SATELLITEHUB_KRKL,,,,Z3-L4,4:10:00
FMPC2896581549,SATELLITEHUB_DHP,,,,Z2-L3,17:00:00
FMPC2896246741,SATELLITEHUB_MDY,,,,Z2-L4,22:40:00
FMPC2896626200,SATELLITEHUB_TNJR,,,,Z3-L1,4:20:00
FMPC2895650380,SATELLITEHUB_YWP,,,,D6-A1,0:05:00
FMPC2896629833,SATELLITEHUB_MDY,,,,Z2-L4,22:40:00
FMPP1763796897,SATELLITEHUB_UDP,,,,Z1-L2,23:00:00
FMPP1760099355,BULKHUB_BLR,,,,Z1-R5,1:00:00
FMPC2896855048,SATELLITEHUB_NSP,,,,Z4-R1,0:50:00
FMPC2895552986,SATELLITEHUB_MYS,,,,Z3-R3,15:40:00
FMPP1763211819,SATELLITEHUB_WFL1,,,,Z1-R2,0:40:00
FMPP1763003304,BULKHUB_BLR2,,,,Z2-R2,1:15:00
FMPC2866836808,SATELLITEHUB_WFL,,,,Z1-R6,0:20:00
FMPC2895957023,SATELLITEHUB_YWP1,,,,Z1-R1,0:10:00
FMPP1762539281,SATELLITEHUB_WFL,,,,Z1-R6,0:20:00
FMPP1763210093,SATELLITEHUB_WFL,,,,Z1-R6,0:20:00
FMPP1761969232,BULKHUB_FKBLR2,,,,Z4-R9,1:20:00
FMPC2896064347,SATELLITEHUB_MYS,,,,Z3-R3,15:40:00
FMPC2894908967,SATELLITEHUB_BGR,,,,Z2-R4,1:30:00
FMPC2895926803,SATELLITEHUB_TTC,,,,Z4-L2,12:40:00
FMPP1763270274,SATELLITEHUB_TKSI,,,,Z4-R4,12:10:00
FMPC2896424764,SATELLITEHUB_ATR,,,,Z1-L6,2:40:00
FMPC2896385475,SATELLITEHUB_HOS,,,,Z2-R1,5:10:00
FMPP1761363959,SATELLITEHUB_YWP,,,,D6-A1,0:05:00
FMPC2894319527,SATELLITEHUB_HSN,,,,Z1-L4,22:30:00
FMPC2894338344,SATELLITEHUB_NMKL,,,,Z3-L3,16:40:00
FMPC2896451449,SATELLITEHUB_WFL,,,,Z1-R6,0:20:00
FMPC2896234138,SATELLITEHUB_SLM,,,,Z1-L1,16:50:00
FMPP1762629939,BULKHUB_BLR,,,,Z1-R5,1:00:00
FMPC2893818152,SATELLITEHUB_YWP1,,,,Z1-R1,0:10:00
FMPC2895381838,SATELLITEHUB_FKMYS,,,,Z4-L9,15:45:00
FMPC2896106883,SATELLITEHUB_YWP,,,,D6-A1,0:05:00
FMPP1762875140,SATELLITEHUB_BGR,,,,Z2-R4,1:30:00
FMPC2896968022,SATELLITEHUB_YWP1,,,,Z1-R1,0:10:00
FMPC2893825914,SATELLITEHUB_SLM,,,,Z1-L1,16:50:00
FMPC2895998266,SATELLITEHUB_KRKL,,,,Z3-L4,4:10:00
FMPP1763511501,BULKHUB_BLR2,,,,Z2-R2,1:15:00
FMPC2896119365,SATELLITEHUB_TNJR,,,,Z3-L1,4:20:00
FMPP1763268250,SATELLITEHUB_WFL,,,,Z1-R6,0:20:00
FMPP1763020303,SATELLITEHUB_DHP,,,,Z2-L3,17:00:00
FMPP1762447678,SATELLITEHUB_WFL,,,,Z1-R6,0:20:00
FMPC2895959711,SATELLITEHUB_MYS,,,,Z3-R3,15:40:00
FMPP1763156110,SATELLITEHUB_YWP,,,,D6-A1,0:05:00
FMPC2895988016,SATELLITEHUB_SVK,,,,Z2-L5,12:30:00
FMPC2896411654,SATELLITEHUB_VYM,,,,Z2-L1,2:10:00
FMPP1762439760,SATELLITEHUB_SVK,,,,Z2-L5,12:30:00
FMPP1762096090,BULKHUB_BLR,,,,Z1-R5,1:00:00
FMPP1762940827,SATELLITEHUB_YWP,,,,D6-A1,0:05:00
FMPC2895065935,SATELLITEHUB_TNV,,,,Z3-L2,12:05:00
FMPP1763255924,SATELLITEHUB_DHP,,,,Z2-L3,17:00:00
FMPC2896117351,SATELLITEHUB_WFL1,,,,Z1-R2,0:40:00
FMPC2895669187,SATELLITEHUB_YWP,,,,D6-A1,0:05:00
FMPP1763115441,SATELLITEHUB_YWP,,,,D6-A1,0:05:00
FMPP1763612648,SATELLITEHUB_NMKL,,,,Z3-L3,16:40:00
FMPC2896361451,SATELLITEHUB_SVK,,,,Z2-L5,12:30:00
FMPC2894348796,SATELLITEHUB_YWP,,,,D6-A1,0:05:00
FMPP1763821139,SATELLITEHUB_MPY,,,,Z4-L1,2:30:00
FMPC2892469758,SATELLITEHUB_YWP1,,,,Z1-R1,0:10:00
FMPC2893209863,SATELLITEHUB_NSP,,,,Z4-R1,0:50:00
FMPP1761605984,SATELLITEHUB_WFL1,,,,Z1-R2,0:40:00
FMPC2895713071,SATELLITEHUB_WFL3,,,,Z4-L7,0:25:00
FMPP1762818443,SATELLITEHUB_DHP,,,,Z2-L3,17:00:00
FMPP1763294566,SATELLITEHUB_WFL3,,,,Z4-L7,0:25:00
FMPC2896710456,SATELLITEHUB_MDY,,,,Z2-L4,22:40:00
FMPP1762562143,BULKHUB_FKBLR2,,,,Z4-R9,1:20:00
FMPP1762942834,BULKHUB_BLR,,,,Z1-R5,1:00:00
FMPC2896393205,SATELLITEHUB_MDY,,,,Z2-L4,22:40:00
FMPP1763017860,SATELLITEHUB_BGR,,,,Z2-R4,1:30:00
FMPP1763283714,SATELLITEHUB_WFL2,,,,Z1-R3,0:30:00
FMPP1763431969,SATELLITEHUB_TNJR,,,,Z3-L1,4:20:00
FMPC2897007397,SATELLITEHUB_YWP1,,,,Z1-R1,0:10:00
FMPP1763372271,SATELLITEHUB_YWP,,,,D6-A1,0:05:00
FMPP1763407967,SATELLITEHUB_YWP,,,,D6-A1,0:05:00
FMPC2895621020,SATELLITEHUB_YWP,,,,D6-A1,0:05:00
FMPC2896043342,SATELLITEHUB_GRBD,,,,Z2-L6,22:15:00
FMPC2896245745,SATELLITEHUB_ATR,,,,Z1-L6,2:40:00
FMPC2895219258,SATELLITEHUB_VYM,,,,Z2-L1,2:10:00
FMPC2895078081,SATELLITEHUB_VYM,,,,Z2-L1,2:10:00
FMPC2896637189,SATELLITEHUB_YWP,,,,D6-A1,0:05:00
FMPP1763213788,SATELLITEHUB_MLR,,,,Z3-R6,23:10:00
FMPC2896048566,SATELLITEHUB_NSP,,,,Z4-R1,0:50:00
FMPC2894247743,SATELLITEHUB_UDP,,,,Z1-L2,23:00:00
FMPC2893898965,SATELLITEHUB_MDY,,,,Z2-L4,22:40:00
FMPP1762423783,SATELLITEHUB_YWP,,,,D6-A1,0:05:00
FMPP1763205711,SATELLITEHUB_WFL1,,,,Z1-R2,0:40:00
FMPP1763549434,SATELLITEHUB_WFL3,,,,Z4-L7,0:25:00
FMPC2896313362,BULKHUB_BLR,,,,Z1-R5,1:00:00
FMPC2896077314,SATELLITEHUB_BGR,,,,Z2-R4,1:30:00
FMPP1763007801,BULKHUB_BLR2,,,,Z2-R2,1:15:00
FMPC2893586244,SATELLITEHUB_FKMYS,,,,Z4-L9,15:45:00
FMPP1761267154,SATELLITEHUB_TNV,,,,Z3-L2,12:05:00
FMPC2893829013,SATELLITEHUB_GRBD,,,,Z2-L6,22:15:00
FMPC2896412149,SATELLITEHUB_GRBD,,,,Z2-L6,22:15:00
FMPC2893231332,SATELLITEHUB_NMKL,,,,Z3-L3,16:40:00
FMPC2897032816,SATELLITEHUB_MYS,,,,Z3-R3,15:40:00
FMPC2895185034,SATELLITEHUB_YWP,,,,D6-A1,0:05:00
FMPC2895979905,SATELLITEHUB_MLR,,,,Z3-R6,23:10:00
FMPP1763850315,SATELLITEHUB_UDP,,,,Z1-L2,23:00:00
FMPP1762519272,BULKHUB_BLR,,,,Z1-R5,1:00:00
FMPP1763267816,SATELLITEHUB_RTN,,,,Z3-R5,0:15:00
FMPC2894341845,BULKHUB_BLR,,,,Z1-R5,1:00:00
FMPP1763111322,SATELLITEHUB_WFL1,,,,Z1-R2,0:40:00
FMPP1763123380,SATELLITEHUB_BGR,,,,Z2-R4,1:30:00
FMPP1763331189,SATELLITEHUB_YWP1,,,,Z1-R1,0:10:00
FMPC2895732021,SATELLITEHUB_WFL3,,,,Z4-L7,0:25:00
FMPC2896246892,SATELLITEHUB_NMKL,,,,Z3-L3,16:40:00
FMPC2896060388,SATELLITEHUB_UDP,,,,Z1-L2,23:00:00
FMPC2893296756,SATELLITEHUB_MRDM,,,,Z4-L6,11:45:00
FMPC2896089649,SATELLITEHUB_YWP1,,,,Z1-R1,0:10:00
FMPP1762971488,SATELLITEHUB_HSN,,,,Z1-L4,22:30:00
FMPC2891015685,SATELLITEHUB_MLR,,,,Z3-R6,23:10:00
FMPC2893580902,SATELLITEHUB_GRBD,,,,Z2-L6,22:15:00
FMPP1763202061,SATELLITEHUB_GRBD,,,,Z2-L6,22:15:00
FMPC2895814376,SATELLITEHUB_SLM,,,,Z1-L1,16:50:00
FMPP1763381173,SATELLITEHUB_RTN,,,,Z3-R5,0:15:00
FMPC2895701335,SATELLITEHUB_ATR,,,,Z1-L6,2:40:00
FMPC2896037654,SATELLITEHUB_HOS,,,,Z2-R1,5:10:00
FMPP1763157983,SATELLITEHUB_FKMYS,,,,Z4-L9,15:45:00
FMPP1762291571,SATELLITEHUB_YWP,,,,D6-A1,0:05:00
FMPC2896255812,SATELLITEHUB_YWP,,,,D6-A1,0:05:00
FMPP1761395390,SATELLITEHUB_YWP,,,,D6-A1,0:05:00
FMPP1763227819,SATELLITEHUB_HOS,,,,Z2-R1,5:10:00
FMPP1763515837,SATELLITEHUB_WFL,,,,Z1-R6,0:20:00
FMPP1757342348,SATELLITEHUB_BGR,,,,Z2-R4,1:30:00
FMPC2896867445,SATELLITEHUB_YWP1,,,,Z1-R1,0:10:00
FMPC2895837780,SATELLITEHUB_KMBK,,,,Z4-L5,4:25:00
FMPP1763802136,SATELLITEHUB_TKDI,,,,Z4-R6,4:35:00
FMPC2895993494,SATELLITEHUB_MDY,,,,Z2-L4,22:40:00
FMPC2896583233,SATELLITEHUB_BGR,,,,Z2-R4,1:30:00
FMPP1763118377,BULKHUB_BLR,,,,Z1-R5,1:00:00
FMPC2895953908,BULKHUB_BLR,,,,Z1-R5,1:00:00
FMPP1763432507,SATELLITEHUB_RTN,,,,Z3-R5,0:15:00
FMPC2896619858,SATELLITEHUB_YWP,,,,D6-A1,0:05:00
FMPC2895174120,SATELLITEHUB_YWP,,,,D6-A1,0:05:00
FMPP1763099779,SATELLITEHUB_TUM,,,,Z2-L2,22:20:00
FMPP1761439641,SATELLITEHUB_YWP1,,,,Z1-R1,0:10:00
FMPC2896352486,BULKHUB_FKBLR2,,,,Z4-R9,1:20:00
FMPC2896140206,SATELLITEHUB_MPY,,,,Z4-L1,2:30:00
FMPC2893884394,SATELLITEHUB_NSP,,,,Z4-R1,0:50:00
FMPC2896562860,SATELLITEHUB_TTC,,,,Z4-L2,12:40:00
FMPC2896193619,SATELLITEHUB_YWP,,,,D6-A1,0:05:00
FMPP1763352196,SATELLITEHUB_WFL,,,,Z1-R6,0:20:00
FMPC2895834965,SATELLITEHUB_GRBD,,,,Z2-L6,22:15:00
FMPP1763204660,SATELLITEHUB_WFL2,,,,Z1-R3,0:30:00
FMPC2896353163,SATELLITEHUB_BGR,,,,Z2-R4,1:30:00
FMPC2895935484,SATELLITEHUB_WFL2,,,,Z1-R3,0:30:00
FMPC2895880303,SATELLITEHUB_TNV,,,,Z3-L2,12:05:00
FMPP1763170240,SATELLITEHUB_WFL,,,,Z1-R6,0:20:00
FMPC2896991361,SATELLITEHUB_WFL,,,,Z1-R6,0:20:00
FMPP1763096924,SATELLITEHUB_YWP1,,,,Z1-R1,0:10:00
FMPC2896405813,SATELLITEHUB_FKMYS,,,,Z4-L9,15:45:00
FMPC2895959150,SATELLITEHUB_WFL,,,,Z1-R6,0:20:00
FMPP1763839691,SATELLITEHUB_ATR,,,,Z1-L6,2:40:00
FMPC2895089599,SATELLITEHUB_HOS,,,,Z2-R1,5:10:00
FMPP1760874763,SATELLITEHUB_MLR,,,,Z3-R6,23:10:00
FMPC2865430103,SATELLITEHUB_WFL,,,,Z1-R6,0:20:00
FMPC2895777616,SATELLITEHUB_YWP1,,,,Z1-R1,0:10:00
FMPP1762453140,SATELLITEHUB_BGR,,,,Z2-R4,1:30:00
FMPP1762935862,SATELLITEHUB_YWP1,,,,Z1-R1,0:10:00
FMPP1763191331,SATELLITEHUB_YWP1,,,,Z1-R1,0:10:00
FMPP1763472716,SATELLITEHUB_RTN,,,,Z3-R5,0:15:00
FMPP1763204286,SATELLITEHUB_PBLR,,,,Z4-L3,4:30:00
FMPP1763615248,SATELLITEHUB_MDY,,,,Z2-L4,22:40:00
FMPP1763628959,SATELLITEHUB_MLR,,,,Z3-R6,23:10:00
FMPC2895570261,SATELLITEHUB_DHP,,,,Z2-L3,17:00:00
FMPC2897007398,SATELLITEHUB_HSN,,,,Z1-L4,22:30:00
FMPP1763476523,SATELLITEHUB_KRKL,,,,Z3-L4,4:10:00
FMPP1763641034,SATELLITEHUB_HOS,,,,Z2-R1,5:10:00
FMPC2896250723,SATELLITEHUB_NGR,,,,Z3-L5,11:55:00
FMPC2874006771,SATELLITEHUB_YWP1,,,,Z1-R1,0:10:00
FMPC2897067236,SATELLITEHUB_YWP1,,,,Z1-R1,0:10:00
FMPP1762797426,SATELLITEHUB_YWP1,,,,Z1-R1,0:10:00
FMPP1761808148,SATELLITEHUB_MYS,,,,Z3-R3,15:40:00
FMPC2895850307,BULKHUB_BLR2,,,,Z2-R2,1:15:00
FMPC2896036651,SATELLITEHUB_KMBK,,,,Z4-L5,4:25:00
FMPP1763575132,BULKHUB_BLR2,,,,Z2-R2,1:15:00
FMPC2895101545,SATELLITEHUB_GRBD,,,,Z2-L6,22:15:00
FMPP1763132378,BULKHUB_BLR,,,,Z1-R5,1:00:00
FMPP1762629304,BULKHUB_BLR,,,,Z1-R5,1:00:00
FMPC2895655048,SATELLITEHUB_YWP1,,,,Z1-R1,0:10:00
FMPP1761582711,SATELLITEHUB_MPY,,,,Z4-L1,2:30:00
FMPC2895729395,SATELLITEHUB_BGR,,,,Z2-R4,1:30:00
FMPC2897129744,SATELLITEHUB_VYM,,,,Z2-L1,2:10:00
FMPC2895976523,SATELLITEHUB_TUM,,,,Z2-L2,22:20:00
FMPC2896624675,SATELLITEHUB_MPY,,,,Z4-L1,2:30:00
FMPC2896422280,SATELLITEHUB_BGR,,,,Z2-R4,1:30:00
FMPC2894747370,SATELLITEHUB_PBLR,,,,Z4-L3,4:30:00
FMPP1752837453,SATELLITEHUB_WFL3,,,,Z4-L7,0:25:00
FMPC2894533901,SATELLITEHUB_WFL1,,,,Z1-R2,0:40:00
FMPP1761364398,SATELLITEHUB_SLM,,,,Z1-L1,16:50:00
FMPC2894281168,BULKHUB_BLR,,,,Z1-R5,1:00:00
FMPC2895877478,SATELLITEHUB_NSP,,,,Z4-R1,0:50:00
FMPC2896256644,SATELLITEHUB_KRKL,,,,Z3-L4,4:10:00
FMPP1761485676,SATELLITEHUB_WFL3,,,,Z4-L7,0:25:00
FMPP1763146808,SATELLITEHUB_YWP,,,,D6-A1,0:05:00
FMPP1763759663,SATELLITEHUB_MYS,,,,Z3-R3,15:40:00
FMPP1762991688,BULKHUB_BLR,,,,Z1-R5,1:00:00
FMPP1762993502,SATELLITEHUB_BGR,,,,Z2-R4,1:30:00
FMPP1763192217,SATELLITEHUB_MDY,,,,Z2-L4,22:40:00
FMPC2894867965,SATELLITEHUB_KMBK,,,,Z4-L5,4:25:00
FMPC2897096710,SATELLITEHUB_TNJR,,,,Z3-L1,4:20:00
FMPP1759344514,SATELLITEHUB_WFL2,,,,Z1-R3,0:30:00
FMPC2897320082,SATELLITEHUB_DHP,,,,Z2-L3,17:00:00
FMPP1763133885,SATELLITEHUB_YWP1,,,,Z1-R1,0:10:00
FMPC2895857897,SATELLITEHUB_TTC,,,,Z4-L2,12:40:00
FMPC2896788248,SATELLITEHUB_YWP,,,,D6-A1,0:05:00
FMPP1762786567,SATELLITEHUB_BGR,,,,Z2-R4,1:30:00
FMPP1763102507,BULKHUB_BLR,,,,Z1-R5,1:00:00
FMPC2895779321,SATELLITEHUB_YWP1,,,,Z1-R1,0:10:00
FMPC2895802938,SATELLITEHUB_SVK,,,,Z2-L5,12:30:00
FMPP1763219591,SATELLITEHUB_WFL1,,,,Z1-R2,0:40:00
FMPP1762417090,SATELLITEHUB_TKDI,,,,Z4-R6,4:35:00
FMPC2894341853,SATELLITEHUB_HSN,,,,Z1-L4,22:30:00
FMPC2895928307,SATELLITEHUB_MLR,,,,Z3-R6,23:10:00
FMPC2895769348,SATELLITEHUB_WFL2,,,,Z1-R3,0:30:00
FMPP1763675345,SATELLITEHUB_UDP,,,,Z1-L2,23:00:00
FMPC2896381499,BULKHUB_BLR2,,,,Z2-R2,1:15:00
FMPC2895938574,SATELLITEHUB_NMKL,,,,Z3-L3,16:40:00
FMPC2894726423,SATELLITEHUB_PBLR,,,,Z4-L3,4:30:00
FMPC2896264491,SATELLITEHUB_YWP,,,,D6-A1,0:05:00
FMPC2895856291,SATELLITEHUB_MDY,,,,Z2-L4,22:40:00
FMPP1763121263,SATELLITEHUB_WFL1,,,,Z1-R2,0:40:00
FMPP1763431933,BULKHUB_BLR,,,,Z1-R5,1:00:00
FMPR0456486021,SATELLITEHUB_HOS,,,,Z2-R1,5:10:00
FMPP1763025432,SATELLITEHUB_MLR,,,,Z3-R6,23:10:00
FMPC2892176273,SATELLITEHUB_HOS,,,,Z2-R1,5:10:00
FMPC2896136020,SATELLITEHUB_MPY,,,,Z4-L1,2:30:00
FMPC2896086313,SATELLITEHUB_HOS,,,,Z2-R1,5:10:00
FMPC2896384399,SATELLITEHUB_TUM,,,,Z2-L2,22:20:00
FMPC2896361397,SATELLITEHUB_MDY,,,,Z2-L4,22:40:00
FMPC2895200064,SATELLITEHUB_MLR,,,,Z3-R6,23:10:00
FMPC2895801949,SATELLITEHUB_FKMYS,,,,Z4-L9,15:45:00
FMPC2895977017,SATELLITEHUB_FKMYS,,,,Z4-L9,15:45:00
FMPP1763129172,SATELLITEHUB_YWP,,,,D6-A1,0:05:00
FMPP1761753048,BULKHUB_BLR2,,,,Z2-R2,1:15:00
FMPC2893628903,SATELLITEHUB_WFL2,,,,Z1-R3,0:30:00
FMPP1761448404,SATELLITEHUB_WFL,,,,Z1-R6,0:20:00
FMPP1763586514,SATELLITEHUB_GRBD,,,,Z2-L6,22:15:00
FMPC2896283521,SATELLITEHUB_MDY,,,,Z2-L4,22:40:00
FMPC2896300038,SATELLITEHUB_GRBD,,,,Z2-L6,22:15:00
FMPC2895376796,SATELLITEHUB_KRKL,,,,Z3-L4,4:10:00
FMPP1763907462,SATELLITEHUB_TNV,,,,Z3-L2,12:05:00
FMPR0457167888,SATELLITEHUB_YWP1,,,,Z1-R1,0:10:00
FMPC2896858235,SATELLITEHUB_SLM,,,,Z1-L1,16:50:00
FMPP1763926881,BULKHUB_BLR,,,,Z1-R5,1:00:00
FMPP1763993417,SATELLITEHUB_YWP,,,,D6-A1,0:05:00
FMPP1763248313,SATELLITEHUB_TNV,,,,Z3-L2,12:05:00
FMPP1763375688,SATELLITEHUB_NSP,,,,Z4-R1,0:50:00
FMPP1761440139,SATELLITEHUB_BGR,,,,Z2-R4,1:30:00
FMPP1762584690,SATELLITEHUB_RTN,,,,Z3-R5,0:15:00
FMPC2895895213,SATELLITEHUB_WFL1,,,,Z1-R2,0:40:00
FMPP1760627363,SATELLITEHUB_WFL,,,,Z1-R6,0:20:00
FMPC2896063453,SATELLITEHUB_MPY,,,,Z4-L1,2:30:00
FMPC2896335281,SATELLITEHUB_FKMYS,,,,Z4-L9,15:45:00
FMPC2896394382,SATELLITEHUB_WFL2,,,,Z1-R3,0:30:00
FMPP1763605291,SATELLITEHUB_UDP,,,,Z1-L2,23:00:00
FMPR0456060163,BULKHUB_BLR2,,,,Z2-R2,1:15:00
FMPC2896487605,SATELLITEHUB_VYM,,,,Z2-L1,2:10:00
FMPP1763357544,SATELLITEHUB_NGR,,,,Z3-L5,11:55:00
FMPC2895523271,SATELLITEHUB_YWP,,,,D6-A1,0:05:00
FMPP1759397385,SATELLITEHUB_YWP1,,,,Z1-R1,0:10:00
FMPP1761206313,SATELLITEHUB_YWP,,,,D6-A1,0:05:00
FMPC2876304930,SATELLITEHUB_YWP,,,,D6-A1,0:05:00
FMPC2895187107,SATELLITEHUB_TNJR,,,,Z3-L1,4:20:00
FMPP1761695642,SATELLITEHUB_VYM,,,,Z2-L1,2:10:00
FMPP1763167862,SATELLITEHUB_WFL,,,,Z1-R6,0:20:00
FMPP1763111020,SATELLITEHUB_MLR,,,,Z3-R6,23:10:00
FMPC2893311495,SATELLITEHUB_RMPM,,,,Z4-L4,12:20:00
FMPP1763728854,SATELLITEHUB_WFL,,,,Z1-R6,0:20:00
FMPC2896124014,SATELLITEHUB_MPY,,,,Z4-L1,2:30:00
FMPC2895961569,SATELLITEHUB_YWP1,,,,Z1-R1,0:10:00
FMPP1763038550,SATELLITEHUB_WFL2,,,,Z1-R3,0:30:00
FMPC2893832950,SATELLITEHUB_NSP,,,,Z4-R1,0:50:00
FMPC2896279515,SATELLITEHUB_YWP,,,,D6-A1,0:05:00
FMPP1763438458,SATELLITEHUB_MPY,,,,Z4-L1,2:30:00
FMPC2896062340,SATELLITEHUB_NSP,,,,Z4-R1,0:50:00
FMPC2896270823,SATELLITEHUB_WFL2,,,,Z1-R3,0:30:00
FMPC2895783125,SATELLITEHUB_MLR,,,,Z3-R6,23:10:00
FMPP1762914468,SATELLITEHUB_WFL2,,,,Z1-R3,0:30:00
FMPC2893135384,SATELLITEHUB_WFL,,,,Z1-R6,0:20:00
FMPC2895923473,SATELLITEHUB_VYM,,,,Z2-L1,2:10:00
FMPP1763035391,BULKHUB_BLR,,,,Z1-R5,1:00:00
FMPP1763467690,SATELLITEHUB_WFL3,,,,Z4-L7,0:25:00
FMPP1762967238,BULKHUB_BLR,,,,Z1-R5,1:00:00
FMPC2896146639,BULKHUB_BLR,,,,Z1-R5,1:00:00
FMPP1763698625,SATELLITEHUB_WFL,,,,Z1-R6,0:20:00
FMPC2893855524,SATELLITEHUB_MPY,,,,Z4-L1,2:30:00
FMPP1763258422,SATELLITEHUB_YWP,,,,D6-A1,0:05:00
FMPP1762654211,SATELLITEHUB_MLR,,,,Z3-R6,23:10:00
FMPC2895832482,SATELLITEHUB_WFL,,,,Z1-R6,0:20:00
FMPP1763210320,BULKHUB_BLR,,,,Z1-R5,1:00:00
FMPP1762552582,SATELLITEHUB_TNJR,,,,Z3-L1,4:20:00
FMPP1764173708,SATELLITEHUB_YWP,,,,D6-A1,0:05:00
FMPC2896553381,SATELLITEHUB_RMPM,,,,Z4-L4,12:20:00
FMPC2896577575,BULKHUB_BLR,,,,Z1-R5,1:00:00
FMPP1763298090,SATELLITEHUB_WFL3,,,,Z4-L7,0:25:00
FMPP1762519972,SATELLITEHUB_YWP,,,,D6-A1,0:05:00
FMPP1759861110,SATELLITEHUB_BGR,,,,Z2-R4,1:30:00
FMPP1763005866,SATELLITEHUB_YWP,,,,D6-A1,0:05:00
FMPP1763217923,SATELLITEHUB_WFL,,,,Z1-R6,0:20:00
FMPP1762977584,SATELLITEHUB_NSP,,,,Z4-R1,0:50:00
FMPP1763424724,SATELLITEHUB_WFL3,,,,Z4-L7,0:25:00
FMPC2895537895,SATELLITEHUB_YWP1,,,,Z1-R1,0:10:00
FMPC2895209193,SATELLITEHUB_MYS,,,,Z3-R3,15:40:00
FMPC2895034434,SATELLITEHUB_WFL3,,,,Z4-L7,0:25:00
FMPP1761795500,SATELLITEHUB_MRDM,,,,Z4-L6,11:45:00
FMPC2895882046,SATELLITEHUB_ATR,,,,Z1-L6,2:40:00
FMPP1763631955,SATELLITEHUB_MLR,,,,Z3-R6,23:10:00
FMPP1763245335,SATELLITEHUB_TTC,,,,Z4-L2,12:40:00
FMPP1763591293,SATELLITEHUB_HOS,,,,Z2-R1,5:10:00
FMPC2893130873,SATELLITEHUB_ATR,,,,Z1-L6,2:40:00
FMPC2893318002,SATELLITEHUB_GRBD,,,,Z2-L6,22:15:00
FMPP1763133870,SATELLITEHUB_GRBD,,,,Z2-L6,22:15:00
FMPP1763362031,SATELLITEHUB_RTN,,,,Z3-R5,0:15:00
FMPC2896499106,SATELLITEHUB_MYS,,,,Z3-R3,15:40:00
FMPC2896199763,SATELLITEHUB_MDY,,,,Z2-L4,22:40:00
FMPP1762992359,SATELLITEHUB_NGR,,,,Z3-L5,11:55:00
FMPC2893702427,SATELLITEHUB_PBLR,,,,Z4-L3,4:30:00
FMPC2894971709,SATELLITEHUB_YWP,,,,D6-A1,0:05:00
FMPC2894972681,SATELLITEHUB_MDY,,,,Z2-L4,22:40:00
FMPC2895886893,SATELLITEHUB_KRKL,,,,Z3-L4,4:10:00
FMPC2893309998,SATELLITEHUB_RTN,,,,Z3-R5,0:15:00
FMPC2893314985,SATELLITEHUB_RTN,,,,Z3-R5,0:15:00
FMPP1763092404,SATELLITEHUB_NSP,,,,Z4-R1,0:50:00
FMPC2895733195,SATELLITEHUB_MLR,,,,Z3-R6,23:10:00
FMPP1763478170,SATELLITEHUB_WFL1,,,,Z1-R2,0:40:00
FMPP1762921125,SATELLITEHUB_RTN,,,,Z3-R5,0:15:00
FMPC2895985517,SATELLITEHUB_MPY,,,,Z4-L1,2:30:00
FMPP1762799543,SATELLITEHUB_NGR,,,,Z3-L5,11:55:00
FMPC2892594025,SATELLITEHUB_DHP,,,,Z2-L3,17:00:00
